Real_Goal,Cost,Prob,Results
0,0.00012083331662544841/0.12081459437449836/0.8790645723088761/,0.00012083331662544841/0.12081459437449836/0.8790645723088761/,2/
0,0.9999999999999982/1.7969575589786203e-15/2.309553521128201e-19/,0.9999999999999982/1.7969575589786203e-15/2.309553521128201e-19/,0/
0,0.4797856370994153/0.12185107478168128/0.39836328811890337/,0.4797856370994153/0.12185107478168128/0.39836328811890337/,0/
0,0.0983034201387301/0.2757564872189874/0.6259400926422826/,0.0983034201387301/0.2757564872189874/0.6259400926422826/,2/
0,0.9999999206272069/7.937133047582753e-08/1.4625691030353243e-12/,0.9999999206272069/7.937133047582753e-08/1.4625691030353243e-12/,0/
0,4.193284149433251e-05/0.0194210551525701/0.9805370120059356/,4.193284149433251e-05/0.0194210551525701/0.9805370120059356/,2/
0,0.906914803672212/0.08547604582197772/0.007609150505810218/,0.906914803672212/0.08547604582197772/0.007609150505810218/,0/
0,0.004111047824360568/0.11275536670012402/0.8831335854755155/,0.004111047824360568/0.11275536670012402/0.8831335854755155/,2/
0,0.9332521752203692/0.06496991669292623/0.00177790808670451/,0.9332521752203692/0.06496991669292623/0.00177790808670451/,0/
0,0.4474261440516881/0.4335311157819297/0.11904274016638207/,0.4474261440516881/0.4335311157819297/0.11904274016638207/,0/
0,2.0699741310434224e-05/0.011615772057729368/0.9883635282009603/,2.0699741310434224e-05/0.011615772057729368/0.9883635282009603/,2/
0,0.505698970032564/0.46118187669081817/0.03311915327661769/,0.505698970032564/0.46118187669081817/0.03311915327661769/,0/
0,0.9999329090104477/6.25825471594612e-05/4.5084423928985465e-06/,0.9999329090104477/6.25825471594612e-05/4.5084423928985465e-06/,0/
0,0.010388159720319047/0.6789000674529003/0.3107117728267806/,0.010388159720319047/0.6789000674529003/0.3107117728267806/,1/
0,0.9999124441371277/8.748484975468101e-05/7.101311751197734e-08/,0.9999124441371277/8.748484975468101e-05/7.101311751197734e-08/,0/
0,9.336954189442432e-05/0.19190434698491296/0.8080022834731926/,9.336954189442432e-05/0.19190434698491296/0.8080022834731926/,2/
0,0.000207205066520982/0.1176809790789912/0.8821118158544877/,0.000207205066520982/0.1176809790789912/0.8821118158544877/,2/
0,0.6820561594391087/0.2896009969577871/0.028342843603104247/,0.6820561594391087/0.2896009969577871/0.028342843603104247/,0/
0,0.9543996509403425/0.042698333863313974/0.0029020151963434944/,0.9543996509403425/0.042698333863313974/0.0029020151963434944/,0/
0,0.981953308912639/0.017928538545597065/0.0001181525417640453/,0.981953308912639/0.017928538545597065/0.0001181525417640453/,0/
0,0.01578520873358129/0.5184985989170935/0.4657161923493252/,0.01578520873358129/0.5184985989170935/0.4657161923493252/,1/
0,0.9999725504663463/2.5851472061889816e-05/1.5980615919022988e-06/,0.9999725504663463/2.5851472061889816e-05/1.5980615919022988e-06/,0/
0,0.15161442612001375/0.3718962821399758/0.47648929174001037/,0.15161442612001375/0.3718962821399758/0.47648929174001037/,2/
0,0.8426108685980477/0.1393002236568981/0.018088907745054273/,0.8426108685980477/0.1393002236568981/0.018088907745054273/,0/
0,0.9760567348935748/0.0238647466177577/7.851848866738382e-05/,0.9760567348935748/0.0238647466177577/7.851848866738382e-05/,0/
0,0.13109906707726715/0.5017086787601658/0.36719225416256707/,0.13109906707726715/0.5017086787601658/0.36719225416256707/,1/
0,0.0020154079594642666/0.11852848167086733/0.8794561103696684/,0.0020154079594642666/0.11852848167086733/0.8794561103696684/,2/
0,0.006121224573540799/0.08756657857619099/0.9063121968502681/,0.006121224573540799/0.08756657857619099/0.9063121968502681/,2/
0,0.000691090326032991/0.243788459228224/0.7555204504457429/,0.000691090326032991/0.243788459228224/0.7555204504457429/,2/
0,0.7728285364719423/0.22135746181654864/0.0058140017115090765/,0.7728285364719423/0.22135746181654864/0.0058140017115090765/,0/
0,0.9999943926271515/5.096584461356357e-06/5.107883871788851e-07/,0.9999943926271515/5.096584461356357e-06/5.107883871788851e-07/,0/
0,0.9999999399353661/4.673134190590617e-08/1.333329180751872e-08/,0.9999999399353661/4.673134190590617e-08/1.333329180751872e-08/,0/
0,0.00029686123092303307/0.007318373282165341/0.9923847654869117/,0.00029686123092303307/0.007318373282165341/0.9923847654869117/,2/
0,0.8041838029928118/0.03900325448611514/0.15681294252107303/,0.8041838029928118/0.03900325448611514/0.15681294252107303/,0/
0,0.9898927569649695/0.009999695160891081/0.00010754787413927096/,0.9898927569649695/0.009999695160891081/0.00010754787413927096/,0/
0,0.9999843694903697/1.5483656039635702e-05/1.4685359078321478e-07/,0.9999843694903697/1.5483656039635702e-05/1.4685359078321478e-07/,0/
0,0.9985814999853113/0.001246842594772601/0.0001716574199159819/,0.9985814999853113/0.001246842594772601/0.0001716574199159819/,0/
0,0.7551757146024362/0.1272535464052113/0.1175707389923525/,0.7551757146024362/0.1272535464052113/0.1175707389923525/,0/
0,0.11600168242782301/0.8064412852620031/0.07755703231017408/,0.11600168242782301/0.8064412852620031/0.07755703231017408/,1/
0,0.9988425424274493/0.0011528936786413151/4.563893909469952e-06/,0.9988425424274493/0.0011528936786413151/4.563893909469952e-06/,0/
0,1.645804785739165e-06/0.0327793625479785/0.9672189916472357/,1.645804785739165e-06/0.0327793625479785/0.9672189916472357/,2/
0,0.16786392601341077/0.29916804333153524/0.5329680306550539/,0.16786392601341077/0.29916804333153524/0.5329680306550539/,2/
0,0.6712204651351018/0.2768400602818461/0.051939474583052044/,0.6712204651351018/0.2768400602818461/0.051939474583052044/,0/
0,0.9771917121023982/0.022211794394935137/0.0005964935026668173/,0.9771917121023982/0.022211794394935137/0.0005964935026668173/,0/
0,0.9845581782836201/0.014700327145317158/0.0007414945710628291/,0.9845581782836201/0.014700327145317158/0.0007414945710628291/,0/
0,0.005289142849160914/0.36296139828026275/0.6317494588705762/,0.005289142849160914/0.36296139828026275/0.6317494588705762/,2/
0,0.9999999865665616/1.3165773829305021e-08/2.676644624822341e-10/,0.9999999865665616/1.3165773829305021e-08/2.676644624822341e-10/,0/
0,0.9993044916324672/0.0004543932805883078/0.00024111508694446627/,0.9993044916324672/0.0004543932805883078/0.00024111508694446627/,0/
0,0.9168739185008379/0.03346913028873902/0.0496569512104232/,0.9168739185008379/0.03346913028873902/0.0496569512104232/,0/
0,0.9494705646392397/0.03470434869140247/0.015825086669357964/,0.9494705646392397/0.03470434869140247/0.015825086669357964/,0/
0,0.0005296843821748339/0.020227642577288166/0.979242673040537/,0.0005296843821748339/0.020227642577288166/0.979242673040537/,2/
0,1.0/1.142982792091588e-17/4.52521855739096e-22/,1.0/1.142982792091588e-17/4.52521855739096e-22/,0/
0,0.9999901278817108/3.229100234751184e-06/6.643018054639847e-06/,0.9999901278817108/3.229100234751184e-06/6.643018054639847e-06/,0/
0,0.011250860882915395/0.052203461716601916/0.9365456774004828/,0.011250860882915395/0.052203461716601916/0.9365456774004828/,2/
0,0.4827166447858043/0.4378799234497646/0.07940343176443111/,0.4827166447858043/0.4378799234497646/0.07940343176443111/,0/
0,0.00025954396723691094/0.0036658353806679122/0.9960746206520952/,0.00025954396723691094/0.0036658353806679122/0.9960746206520952/,2/
0,0.999995503363742/3.5946239667581442e-06/9.020122912442226e-07/,0.999995503363742/3.5946239667581442e-06/9.020122912442226e-07/,0/
0,0.0015193266554229107/0.0345990655756242/0.9638816077689528/,0.0015193266554229107/0.0345990655756242/0.9638816077689528/,2/
0,0.9908370714981128/0.00849268574550598/0.0006702427563810275/,0.9908370714981128/0.00849268574550598/0.0006702427563810275/,0/
0,0.4427965075428356/0.3526362009517137/0.20456729150545078/,0.4427965075428356/0.3526362009517137/0.20456729150545078/,0/
0,0.11030791611111088/0.07633675299416524/0.8133553308947239/,0.11030791611111088/0.07633675299416524/0.8133553308947239/,2/
0,0.9999822365602087/6.630764300807284e-06/1.1132675490500098e-05/,0.9999822365602087/6.630764300807284e-06/1.1132675490500098e-05/,0/
0,0.0001507450817354672/0.008550807170665167/0.9912984477475993/,0.0001507450817354672/0.008550807170665167/0.9912984477475993/,2/
0,0.2897338703263369/0.10366284214393086/0.6066032875297322/,0.2897338703263369/0.10366284214393086/0.6066032875297322/,2/
0,0.9709678089580233/0.017932002261406593/0.011100188780570135/,0.9709678089580233/0.017932002261406593/0.011100188780570135/,0/
0,0.002320952233573806/0.06627922730244949/0.9313998204639766/,0.002320952233573806/0.06627922730244949/0.9313998204639766/,2/
0,0.08650293835369104/0.015042202186574693/0.8984548594597342/,0.08650293835369104/0.015042202186574693/0.8984548594597342/,2/
0,0.000902889370002916/0.02691774168219591/0.9721793689478012/,0.000902889370002916/0.02691774168219591/0.9721793689478012/,2/
0,0.5733212824530486/0.11098081175919546/0.3156979057877561/,0.5733212824530486/0.11098081175919546/0.3156979057877561/,0/
0,0.9999929148847255/7.0780807817769805e-06/7.034492676778488e-09/,0.9999929148847255/7.0780807817769805e-06/7.034492676778488e-09/,0/
0,0.7606781375929406/0.03258599290609146/0.20673586950096792/,0.7606781375929406/0.03258599290609146/0.20673586950096792/,0/
0,0.9692888210978122/0.0037786677291569864/0.026932511173030707/,0.9692888210978122/0.0037786677291569864/0.026932511173030707/,0/
0,0.005226840050820129/0.06928888960343955/0.9254842703457403/,0.005226840050820129/0.06928888960343955/0.9254842703457403/,2/
0,0.9669801764006014/0.02758931940695403/0.005430504192444523/,0.9669801764006014/0.02758931940695403/0.005430504192444523/,0/
0,0.9993302844826865/0.000641724897957785/2.7990619355699382e-05/,0.9993302844826865/0.000641724897957785/2.7990619355699382e-05/,0/
0,0.9998661282612699/8.084951047679144e-05/5.302222825318132e-05/,0.9998661282612699/8.084951047679144e-05/5.302222825318132e-05/,0/
0,0.9999999997036662/2.917396881463358e-10/4.594201896705828e-12/,0.9999999997036662/2.917396881463358e-10/4.594201896705828e-12/,0/
0,0.9999999985867702/1.408669445746171e-09/4.5604309996368345e-12/,0.9999999985867702/1.408669445746171e-09/4.5604309996368345e-12/,0/
0,0.007254921154457627/0.0893111203015356/0.9034339585440069/,0.007254921154457627/0.0893111203015356/0.9034339585440069/,2/
0,0.9996130815637809/0.0003834855704808832/3.4328657383497935e-06/,0.9996130815637809/0.0003834855704808832/3.4328657383497935e-06/,0/
0,0.001640369602094064/0.014230033048855614/0.9841295973490503/,0.001640369602094064/0.014230033048855614/0.9841295973490503/,2/
0,0.9999935435219491/5.3565343215394445e-06/1.0999437292026738e-06/,0.9999935435219491/5.3565343215394445e-06/1.0999437292026738e-06/,0/
0,0.10331575159393057/0.11740441606704713/0.7792798323390223/,0.10331575159393057/0.11740441606704713/0.7792798323390223/,2/
0,0.8275041342520816/0.019165553424099365/0.15333031232381905/,0.8275041342520816/0.019165553424099365/0.15333031232381905/,0/
0,0.9989341483644747/0.0009540588646796069/0.00011179277084583991/,0.9989341483644747/0.0009540588646796069/0.00011179277084583991/,0/
0,0.0007631796746701841/0.08099266090754757/0.9182441594177823/,0.0007631796746701841/0.08099266090754757/0.9182441594177823/,2/
0,0.96252490797608/0.008867392511724177/0.028607699512195824/,0.96252490797608/0.008867392511724177/0.028607699512195824/,0/
0,0.9999993124225592/4.384961639331568e-07/2.490812769014587e-07/,0.9999993124225592/4.384961639331568e-07/2.490812769014587e-07/,0/
0,0.5791768663908667/0.19206188170124164/0.2287612519078916/,0.5791768663908667/0.19206188170124164/0.2287612519078916/,0/
0,0.8618259092198224/0.1307542390934026/0.007419851686775075/,0.8618259092198224/0.1307542390934026/0.007419851686775075/,0/
0,0.9984309003102193/0.0006135036684237686/0.0009555960213569498/,0.9984309003102193/0.0006135036684237686/0.0009555960213569498/,0/
0,0.9999993061095883/4.980423073333403e-07/1.9584810444231632e-07/,0.9999993061095883/4.980423073333403e-07/1.9584810444231632e-07/,0/
0,0.9722627159514525/0.005549020371458906/0.022188263677088586/,0.9722627159514525/0.005549020371458906/0.022188263677088586/,0/
0,0.3498003849510318/0.31451235129354455/0.3356872637554236/,0.3498003849510318/0.31451235129354455/0.3356872637554236/,0/
0,0.9940329131045349/0.0058110492347695055/0.00015603766069561742/,0.9940329131045349/0.0058110492347695055/0.00015603766069561742/,0/
0,1.2594469940440211e-06/0.0008607475521340854/0.9991379930008718/,1.2594469940440211e-06/0.0008607475521340854/0.9991379930008718/,2/
0,0.0003537612166599398/0.019579217883032882/0.9800670209003072/,0.0003537612166599398/0.019579217883032882/0.9800670209003072/,2/
0,0.9999982664850472/8.749555895710667e-07/8.585593632163834e-07/,0.9999982664850472/8.749555895710667e-07/8.585593632163834e-07/,0/
0,0.0025406483842979875/0.03094812503830464/0.9665112265773973/,0.0025406483842979875/0.03094812503830464/0.9665112265773973/,2/
0,0.9965910177976333/0.003356982829312134/5.19993730545625e-05/,0.9965910177976333/0.003356982829312134/5.19993730545625e-05/,0/
0,0.2156461114909493/0.029349621093671546/0.7550042674153792/,0.2156461114909493/0.029349621093671546/0.7550042674153792/,2/
0,0.9999999999999996/5.485512954423299e-16/8.641488852439187e-20/,0.9999999999999996/5.485512954423299e-16/8.641488852439187e-20/,0/
0,0.9999999999999054/9.397204995848789e-14/6.234859522193233e-16/,0.9999999999999054/9.397204995848789e-14/6.234859522193233e-16/,0/
0,0.9004384029699815/0.06503803534724417/0.03452356168277449/,0.9004384029699815/0.06503803534724417/0.03452356168277449/,0/
0,0.9627934579841247/0.03589694168523185/0.0013096003306432822/,0.9627934579841247/0.03589694168523185/0.0013096003306432822/,0/
0,0.0024146619294611355/0.0056101693406063295/0.9919751687299325/,0.0024146619294611355/0.0056101693406063295/0.9919751687299325/,2/
0,0.9999999469469639/4.9066896739621115e-08/3.986139202621293e-09/,0.9999999469469639/4.9066896739621115e-08/3.986139202621293e-09/,0/
0,0.9999999975054448/2.4368703337092236e-09/5.7684876014284064e-11/,0.9999999975054448/2.4368703337092236e-09/5.7684876014284064e-11/,0/
0,0.6685034508559223/0.12487806978333194/0.20661847936074565/,0.6685034508559223/0.12487806978333194/0.20661847936074565/,0/
0,0.9729043933864879/0.026478515560676794/0.0006170910528351796/,0.9729043933864879/0.026478515560676794/0.0006170910528351796/,0/
0,0.9999591504428116/2.541581592213843e-05/1.5433741266324523e-05/,0.9999591504428116/2.541581592213843e-05/1.5433741266324523e-05/,0/
0,0.9999999999763522/2.3556477896081868e-11/9.136830646355278e-14/,0.9999999999763522/2.3556477896081868e-11/9.136830646355278e-14/,0/
0,0.9892933480039448/0.007675138372100834/0.003031513623954566/,0.9892933480039448/0.007675138372100834/0.003031513623954566/,0/
0,0.9354939906754168/0.03798765752907451/0.02651835179550858/,0.9354939906754168/0.03798765752907451/0.02651835179550858/,0/
0,0.5341801503170797/0.45214785141018754/0.01367199827273269/,0.5341801503170797/0.45214785141018754/0.01367199827273269/,0/
0,0.00011717933684973197/0.005261483230023985/0.9946213374331262/,0.00011717933684973197/0.005261483230023985/0.9946213374331262/,2/
0,0.9999998644300634/1.0821840997187786e-07/2.7351526561777596e-08/,0.9999998644300634/1.0821840997187786e-07/2.7351526561777596e-08/,0/
0,0.9998990400951865/1.0155983645930752e-05/9.080392116760357e-05/,0.9998990400951865/1.0155983645930752e-05/9.080392116760357e-05/,0/
0,0.9817468779470574/0.0047220513076198884/0.013531070745322685/,0.9817468779470574/0.0047220513076198884/0.013531070745322685/,0/
0,0.9724308016014123/0.016911770955830123/0.010657427442757546/,0.9724308016014123/0.016911770955830123/0.010657427442757546/,0/
0,0.0268759598713865/0.012889421202345128/0.9602346189262685/,0.0268759598713865/0.012889421202345128/0.9602346189262685/,2/
0,0.9999999367304746/6.291872049555747e-08/3.5080483301890853e-10/,0.9999999367304746/6.291872049555747e-08/3.5080483301890853e-10/,0/
0,0.9999999999994196/5.79791294359529e-13/7.28020130396211e-16/,0.9999999999994196/5.79791294359529e-13/7.28020130396211e-16/,0/
0,0.8677650615604704/0.05527194081962858/0.07696299761990114/,0.8677650615604704/0.05527194081962858/0.07696299761990114/,0/
0,0.9555107259946619/0.044419186523372456/7.008748196563484e-05/,0.9555107259946619/0.044419186523372456/7.008748196563484e-05/,0/
0,0.9999999942061206/3.941737809225004e-09/1.8521414951278837e-09/,0.9999999942061206/3.941737809225004e-09/1.8521414951278837e-09/,0/
0,1.0/6.116803024914112e-17/3.551807428192028e-20/,1.0/6.116803024914112e-17/3.551807428192028e-20/,0/
0,0.36870799237194585/0.32419638590808736/0.3070956217199668/,0.36870799237194585/0.32419638590808736/0.3070956217199668/,0/
0,0.1292128704527012/0.7081932410887023/0.16259388845859649/,0.1292128704527012/0.7081932410887023/0.16259388845859649/,1/
0,0.9968360865313736/0.0031547938972914234/9.119571335184526e-06/,0.9968360865313736/0.0031547938972914234/9.119571335184526e-06/,0/
0,0.27589645115039635/0.400046329316371/0.3240572195332326/,0.27589645115039635/0.400046329316371/0.3240572195332326/,1/
0,0.9025607760679034/0.03156602976730888/0.0658731941647877/,0.9025607760679034/0.03156602976730888/0.0658731941647877/,0/
0,0.6242558675478778/0.15757681319471276/0.21816731925740956/,0.6242558675478778/0.15757681319471276/0.21816731925740956/,0/
0,0.8849281339027126/0.08933287952618968/0.025738986571097723/,0.8849281339027126/0.08933287952618968/0.025738986571097723/,0/
0,0.6530425225305432/0.32225543305500426/0.024702044414452493/,0.6530425225305432/0.32225543305500426/0.024702044414452493/,0/
0,2.6241789715553745e-05/0.002957752880203189/0.9970160053300813/,2.6241789715553745e-05/0.002957752880203189/0.9970160053300813/,2/
0,0.9927657820438498/0.0036382551902026873/0.0035959627659473414/,0.9927657820438498/0.0036382551902026873/0.0035959627659473414/,0/
0,0.9999963310459921/3.4663226621379927e-06/2.0263134563083993e-07/,0.9999963310459921/3.4663226621379927e-06/2.0263134563083993e-07/,0/
0,0.691458537317099/0.1903640592795031/0.11817740340339786/,0.691458537317099/0.1903640592795031/0.11817740340339786/,0/
0,0.9832416740826907/0.0166523660187775/0.00010595989853174827/,0.9832416740826907/0.0166523660187775/0.00010595989853174827/,0/
0,0.9999695415659174/2.8422663545383675e-05/2.0357705372460243e-06/,0.9999695415659174/2.8422663545383675e-05/2.0357705372460243e-06/,0/
0,0.9999999985940997/1.3819040828629775e-09/2.399620627311638e-11/,0.9999999985940997/1.3819040828629775e-09/2.399620627311638e-11/,0/
0,0.8645370263715021/0.07287559525521617/0.06258737837328174/,0.8645370263715021/0.07287559525521617/0.06258737837328174/,0/
0,0.7386374066760636/0.03962301293745392/0.22173958038648245/,0.7386374066760636/0.03962301293745392/0.22173958038648245/,0/
0,0.9999935665559271/6.431622098714413e-06/1.8219741185367533e-09/,0.9999935665559271/6.431622098714413e-06/1.8219741185367533e-09/,0/
0,0.16039455533734975/0.03949484068343545/0.8001106039792149/,0.16039455533734975/0.03949484068343545/0.8001106039792149/,2/
0,0.9999990655389895/8.938928022838446e-07/4.0568208153482744e-08/,0.9999990655389895/8.938928022838446e-07/4.0568208153482744e-08/,0/
0,0.99411788343678/0.005017467485416648/0.0008646490778034043/,0.99411788343678/0.005017467485416648/0.0008646490778034043/,0/
0,0.9922150141840304/0.007401677945407078/0.0003833078705625353/,0.9922150141840304/0.007401677945407078/0.0003833078705625353/,0/
0,0.9945041007985885/0.005351096781338461/0.0001448024200731138/,0.9945041007985885/0.005351096781338461/0.0001448024200731138/,0/
1,0.05047068366140701/0.43956596286907157/0.5099633534695215/,0.05047068366140701/0.43956596286907157/0.5099633534695215/,2/
1,0.26325826025806254/0.529643474031766/0.20709826571017154/,0.26325826025806254/0.529643474031766/0.20709826571017154/,1/
1,0.9348016283845578/0.047200414162811094/0.01799795745263098/,0.9348016283845578/0.047200414162811094/0.01799795745263098/,0/
1,0.6180623888556015/0.3769462403568486/0.004991370787549867/,0.6180623888556015/0.3769462403568486/0.004991370787549867/,0/
1,0.19589097093345514/0.8036969837866521/0.00041204527989277035/,0.19589097093345514/0.8036969837866521/0.00041204527989277035/,1/
1,7.657348341816316e-06/0.15852732267135286/0.8414650199803053/,7.657348341816316e-06/0.15852732267135286/0.8414650199803053/,2/
1,1.0/2.0186178523508247e-20/1.751751744920269e-27/,1.0/2.0186178523508247e-20/1.751751744920269e-27/,0/
1,0.0009501449560474787/0.05283621774768275/0.9462136372962697/,0.0009501449560474787/0.05283621774768275/0.9462136372962697/,2/
1,2.463558361342102e-08/0.014392318050491966/0.9856076573139243/,2.463558361342102e-08/0.014392318050491966/0.9856076573139243/,2/
1,2.037181843004385e-05/0.6187010792492522/0.38127854893231755/,2.037181843004385e-05/0.6187010792492522/0.38127854893231755/,1/
1,4.977953892151033e-05/0.07563763093266554/0.9243125895284129/,4.977953892151033e-05/0.07563763093266554/0.9243125895284129/,2/
1,0.999960660457151/3.808838103369402e-05/1.2511618152823566e-06/,0.999960660457151/3.808838103369402e-05/1.2511618152823566e-06/,0/
1,0.0018524981070915723/0.08103193836251955/0.9171155635303889/,0.0018524981070915723/0.08103193836251955/0.9171155635303889/,2/
1,0.007589191706485617/0.914389646341437/0.07802116195207724/,0.007589191706485617/0.914389646341437/0.07802116195207724/,1/
1,0.153930500929837/0.8390258140714066/0.007043684998756414/,0.153930500929837/0.8390258140714066/0.007043684998756414/,1/
1,2.5204181812114373e-05/0.02416373218123434/0.9758110636369536/,2.5204181812114373e-05/0.02416373218123434/0.9758110636369536/,2/
1,2.585669947219257e-07/0.013375354561534799/0.9866243868714705/,2.585669947219257e-07/0.013375354561534799/0.9866243868714705/,2/
1,0.7616729596023516/0.08391962911566933/0.15440741128197913/,0.7616729596023516/0.08391962911566933/0.15440741128197913/,0/
1,0.017303146554984387/0.5994185190227023/0.3832783344223133/,0.017303146554984387/0.5994185190227023/0.3832783344223133/,1/
1,0.5161135193876287/0.4326375636461315/0.051248916966239774/,0.5161135193876287/0.4326375636461315/0.051248916966239774/,0/
1,7.055979631611187e-05/0.017033698848562005/0.9828957413551218/,7.055979631611187e-05/0.017033698848562005/0.9828957413551218/,2/
1,1.686794351679297e-05/0.006125789488150508/0.9938573425683327/,1.686794351679297e-05/0.006125789488150508/0.9938573425683327/,2/
1,0.9998490584536229/0.00014258974711649236/8.351799260399155e-06/,0.9998490584536229/0.00014258974711649236/8.351799260399155e-06/,0/
1,0.05811006265076064/0.34643419269979775/0.5954557446494416/,0.05811006265076064/0.34643419269979775/0.5954557446494416/,2/
1,0.029195919038600873/0.9602765236336691/0.010527557327730041/,0.029195919038600873/0.9602765236336691/0.010527557327730041/,1/
1,0.9999994382612782/5.533346966281297e-07/8.40402523268932e-09/,0.9999994382612782/5.533346966281297e-07/8.40402523268932e-09/,0/
1,0.9999999998050564/1.9282149712857612e-10/2.1220819635763293e-12/,0.9999999998050564/1.9282149712857612e-10/2.1220819635763293e-12/,0/
1,0.30442714118765035/0.0837507984584111/0.6118220603539385/,0.30442714118765035/0.0837507984584111/0.6118220603539385/,2/
1,0.0005560005010805394/0.16147089416194202/0.8379731053369774/,0.0005560005010805394/0.16147089416194202/0.8379731053369774/,2/
1,5.084038140149982e-05/0.27010056168629626/0.7298485979323022/,5.084038140149982e-05/0.27010056168629626/0.7298485979323022/,2/
1,0.0048016438726938854/0.5051703497200244/0.49002800640728184/,0.0048016438726938854/0.5051703497200244/0.49002800640728184/,1/
1,0.9998545069681156/0.00013611997935533888/9.373052528982366e-06/,0.9998545069681156/0.00013611997935533888/9.373052528982366e-06/,0/
1,0.999995311250596/4.662994190940493e-06/2.5755213125076438e-08/,0.999995311250596/4.662994190940493e-06/2.5755213125076438e-08/,0/
1,0.24814941157784878/0.26490781391144935/0.4869427745107019/,0.24814941157784878/0.26490781391144935/0.4869427745107019/,2/
1,0.16766567226930412/0.7716668766380113/0.060667451092684614/,0.16766567226930412/0.7716668766380113/0.060667451092684614/,1/
1,0.9999882715098651/9.928637970468429e-06/1.7998521643978474e-06/,0.9999882715098651/9.928637970468429e-06/1.7998521643978474e-06/,0/
1,0.9997028649012317/0.00016864797355774496/0.0001284871252106169/,0.9997028649012317/0.00016864797355774496/0.0001284871252106169/,0/
1,0.07482933240283372/0.2162118835761436/0.7089587840210227/,0.07482933240283372/0.2162118835761436/0.7089587840210227/,2/
1,0.006229925235573554/0.39482598668987123/0.5989440880745552/,0.006229925235573554/0.39482598668987123/0.5989440880745552/,2/
1,0.011666127743621654/0.5261016156187861/0.46223225663759215/,0.011666127743621654/0.5261016156187861/0.46223225663759215/,1/
1,0.9999999999334761/6.645676507093959e-11/6.700447633124316e-14/,0.9999999999334761/6.645676507093959e-11/6.700447633124316e-14/,0/
1,0.9999999999521134/4.700738811939364e-11/8.793616216462434e-13/,0.9999999999521134/4.700738811939364e-11/8.793616216462434e-13/,0/
1,0.003957415556568433/0.030696016360361577/0.96534656808307/,0.003957415556568433/0.030696016360361577/0.96534656808307/,2/
1,1.218767735866071e-05/0.058238767768909336/0.9417490445537321/,1.218767735866071e-05/0.058238767768909336/0.9417490445537321/,2/
1,3.505861592669376e-05/0.16703750755849364/0.8329274338255797/,3.505861592669376e-05/0.16703750755849364/0.8329274338255797/,2/
1,0.30844604758970673/0.2703012266546087/0.42125272575568457/,0.30844604758970673/0.2703012266546087/0.42125272575568457/,2/
1,0.9921291533968989/0.005601927135386217/0.0022689194677148867/,0.9921291533968989/0.005601927135386217/0.0022689194677148867/,0/
1,0.0009826599617907493/0.055168652884407775/0.9438486871538014/,0.0009826599617907493/0.055168652884407775/0.9438486871538014/,2/
1,0.023416146383674553/0.4346046998777228/0.5419791537386026/,0.023416146383674553/0.4346046998777228/0.5419791537386026/,2/
1,2.2089531234077203e-05/0.10617187917474728/0.8938060312940186/,2.2089531234077203e-05/0.10617187917474728/0.8938060312940186/,2/
1,0.0021300994639638286/0.3315817640175474/0.6662881365184888/,0.0021300994639638286/0.3315817640175474/0.6662881365184888/,2/
1,0.9999474875480202/4.672820479393641e-05/5.784247185704944e-06/,0.9999474875480202/4.672820479393641e-05/5.784247185704944e-06/,0/
1,0.9859768980635903/0.004333378728333304/0.009689723208076206/,0.9859768980635903/0.004333378728333304/0.009689723208076206/,0/
1,0.0017094144714829562/0.0227176591750354/0.9755729263534817/,0.0017094144714829562/0.0227176591750354/0.9755729263534817/,2/
1,0.00012281076936230975/0.1527429994794391/0.8471341897511986/,0.00012281076936230975/0.1527429994794391/0.8471341897511986/,2/
1,0.003422981932838177/0.4684361739019998/0.528140844165162/,0.003422981932838177/0.4684361739019998/0.528140844165162/,2/
1,0.9999924005149342/6.525250919879452e-06/1.0742341458436585e-06/,0.9999924005149342/6.525250919879452e-06/1.0742341458436585e-06/,0/
1,0.22034792456388688/0.13564388234191188/0.6440081930942012/,0.22034792456388688/0.13564388234191188/0.6440081930942012/,2/
1,0.012495711024643218/0.1692770936002394/0.8182271953751173/,0.012495711024643218/0.1692770936002394/0.8182271953751173/,2/
1,0.17770274288183036/0.4494229248036583/0.3728743323145114/,0.17770274288183036/0.4494229248036583/0.3728743323145114/,1/
1,0.6430001837075016/0.2760259906237869/0.08097382566871149/,0.6430001837075016/0.2760259906237869/0.08097382566871149/,0/
1,0.9942862456975491/0.003923967725758277/0.0017897865766926563/,0.9942862456975491/0.003923967725758277/0.0017897865766926563/,0/
1,0.81862452033442/0.03234236817057179/0.14903311149500814/,0.81862452033442/0.03234236817057179/0.14903311149500814/,0/
1,0.0004076693743246583/0.08177566772683997/0.9178166628988353/,0.0004076693743246583/0.08177566772683997/0.9178166628988353/,2/
1,0.0007920062210860237/0.8963937298779194/0.10281426390099455/,0.0007920062210860237/0.8963937298779194/0.10281426390099455/,1/
1,0.9939339036298657/0.002402470565729846/0.003663625804404663/,0.9939339036298657/0.002402470565729846/0.003663625804404663/,0/
1,0.9999999970165232/2.9401921596293193e-09/4.3284737762964894e-11/,0.9999999970165232/2.9401921596293193e-09/4.3284737762964894e-11/,0/
1,0.9981652443946658/0.000870854059556165/0.0009639015457779654/,0.9981652443946658/0.000870854059556165/0.0009639015457779654/,0/
1,1.0420661950644892e-05/0.02291673644130179/0.9770728428967476/,1.0420661950644892e-05/0.02291673644130179/0.9770728428967476/,2/
1,0.0021264857758424263/0.3866845921784723/0.6111889220456852/,0.0021264857758424263/0.3866845921784723/0.6111889220456852/,2/
1,0.999999999998936/1.0636547943110172e-12/5.034112226037967e-16/,0.999999999998936/1.0636547943110172e-12/5.034112226037967e-16/,0/
1,1.0/1.779546816166448e-17/1.4736963030281865e-20/,1.0/1.779546816166448e-17/1.4736963030281865e-20/,0/
1,0.027744542876239307/0.09758298222455823/0.8746724748992025/,0.027744542876239307/0.09758298222455823/0.8746724748992025/,2/
1,2.890926017486734e-06/0.005134196356821761/0.9948629127171608/,2.890926017486734e-06/0.005134196356821761/0.9948629127171608/,2/
1,0.01786690616733821/0.23112719070443138/0.7510059031282303/,0.01786690616733821/0.23112719070443138/0.7510059031282303/,2/
1,0.9999999846277514/1.431485104000426e-08/1.0573975663638507e-09/,0.9999999846277514/1.431485104000426e-08/1.0573975663638507e-09/,0/
1,0.9999999429615088/5.538535808904726e-08/1.653133162084918e-09/,0.9999999429615088/5.538535808904726e-08/1.653133162084918e-09/,0/
1,0.9792924295780615/0.014884153494424115/0.005823416927514536/,0.9792924295780615/0.014884153494424115/0.005823416927514536/,0/
1,0.008003317534473428/0.3942282502114853/0.5977684322540413/,0.008003317534473428/0.3942282502114853/0.5977684322540413/,2/
1,0.08023929707412594/0.853266241828869/0.06649446109700508/,0.08023929707412594/0.853266241828869/0.06649446109700508/,1/
1,0.0020279155523126595/0.022172519940960894/0.9757995645067266/,0.0020279155523126595/0.022172519940960894/0.9757995645067266/,2/
1,0.9999930425603806/6.392635072802278e-06/5.648045466902512e-07/,0.9999930425603806/6.392635072802278e-06/5.648045466902512e-07/,0/
1,0.9999994988104853/4.038036708095465e-07/9.73858439134145e-08/,0.9999994988104853/4.038036708095465e-07/9.73858439134145e-08/,0/
1,0.46084771780414524/0.37860222384773773/0.160550058348117/,0.46084771780414524/0.37860222384773773/0.160550058348117/,0/
1,0.21007152992222755/0.761535425635346/0.028393044442426414/,0.21007152992222755/0.761535425635346/0.028393044442426414/,1/
1,0.999987565119895/7.199809226257447e-06/5.2350708788624994e-06/,0.999987565119895/7.199809226257447e-06/5.2350708788624994e-06/,0/
1,0.9999999999999996/3.3838057079384343e-16/6.7122110090331e-20/,0.9999999999999996/3.3838057079384343e-16/6.7122110090331e-20/,0/
1,0.11842119672568126/0.12279893192418634/0.7587798713501324/,0.11842119672568126/0.12279893192418634/0.7587798713501324/,2/
1,0.21079171499338453/0.2075065296213631/0.5817017553852524/,0.21079171499338453/0.2075065296213631/0.5817017553852524/,2/
1,0.04304456191924151/0.885275240743781/0.0716801973369774/,0.04304456191924151/0.885275240743781/0.0716801973369774/,1/
1,1.4701328743251848e-06/0.015449445770572107/0.9845490840965535/,1.4701328743251848e-06/0.015449445770572107/0.9845490840965535/,2/
1,0.0008773828187517619/0.03487879437794359/0.9642438228033048/,0.0008773828187517619/0.03487879437794359/0.9642438228033048/,2/
1,0.9985751017369806/0.0004113001862699402/0.0010135980767494329/,0.9985751017369806/0.0004113001862699402/0.0010135980767494329/,0/
1,0.9997973837745288/9.469681352966802e-05/0.00010791941194157531/,0.9997973837745288/9.469681352966802e-05/0.00010791941194157531/,0/
1,0.18223738970833936/0.49478690833237166/0.32297570195928893/,0.18223738970833936/0.49478690833237166/0.32297570195928893/,1/
1,0.999999998461027/1.4901713218330717e-09/4.880157975345853e-11/,0.999999998461027/1.4901713218330717e-09/4.880157975345853e-11/,0/
1,1.0/4.5911135661153953e-17/4.1269203408836173e-22/,1.0/4.5911135661153953e-17/4.1269203408836173e-22/,0/
1,0.9973328057521441/0.0015672039281165652/0.0010999903197394655/,0.9973328057521441/0.0015672039281165652/0.0010999903197394655/,0/
1,0.006715185322313679/0.07754960646149701/0.9157352082161894/,0.006715185322313679/0.07754960646149701/0.9157352082161894/,2/
1,9.318391082021217e-06/0.15928306010323526/0.8407076215056827/,9.318391082021217e-06/0.15928306010323526/0.8407076215056827/,2/
1,1.0/3.2258203879333773e-18/9.014052140006435e-22/,1.0/3.2258203879333773e-18/9.014052140006435e-22/,0/
1,1.0/1.0410644030260487e-16/2.4648868291971588e-20/,1.0/1.0410644030260487e-16/2.4648868291971588e-20/,0/
1,0.9313755027853271/0.012255600586182051/0.0563688966284908/,0.9313755027853271/0.012255600586182051/0.0563688966284908/,0/
1,0.00018907995459368335/0.0035661201116436803/0.9962447999337626/,0.00018907995459368335/0.0035661201116436803/0.9962447999337626/,2/
1,7.244316550923136e-05/0.06172411545619421/0.9382034413782966/,7.244316550923136e-05/0.06172411545619421/0.9382034413782966/,2/
1,0.0261997394053531/0.06383943675099155/0.9099608238436553/,0.0261997394053531/0.06383943675099155/0.9099608238436553/,2/
1,1.0/2.771518515484024e-18/4.1956325331754844e-22/,1.0/2.771518515484024e-18/4.1956325331754844e-22/,0/
1,0.9999999999995162/4.813636569892544e-13/2.3723029281148313e-15/,0.9999999999995162/4.813636569892544e-13/2.3723029281148313e-15/,0/
1,0.018417578481906567/0.04837055790674066/0.9332118636113529/,0.018417578481906567/0.04837055790674066/0.9332118636113529/,2/
1,0.5793313486262447/0.37762659183946434/0.043042059534290925/,0.5793313486262447/0.37762659183946434/0.043042059534290925/,0/
1,8.653337178771266e-05/0.00431531919609271/0.9955981474321195/,8.653337178771266e-05/0.00431531919609271/0.9955981474321195/,2/
1,1.0/3.591181710791608e-19/1.8079129826924146e-23/,1.0/3.591181710791608e-19/1.8079129826924146e-23/,0/
1,1.0/9.697511706625264e-20/5.1258159410598636e-23/,1.0/9.697511706625264e-20/5.1258159410598636e-23/,0/
1,0.0005366396816767175/0.059755446972466354/0.939707913345857/,0.0005366396816767175/0.059755446972466354/0.939707913345857/,2/
1,0.001679048402073433/0.13143168832796187/0.8668892632699646/,0.001679048402073433/0.13143168832796187/0.8668892632699646/,2/
1,0.9999022134366566/2.1089920049184453e-06/9.567757133840416e-05/,0.9999022134366566/2.1089920049184453e-06/9.567757133840416e-05/,0/
1,0.999999999998541/1.4289405335463336e-12/3.012416015360727e-14/,0.999999999998541/1.4289405335463336e-12/3.012416015360727e-14/,0/
1,0.9999417789602028/2.601841241485394e-05/3.220262738230688e-05/,0.9999417789602028/2.601841241485394e-05/3.220262738230688e-05/,0/
1,0.0049785492349390175/0.0036556229709236608/0.9913658277941374/,0.0049785492349390175/0.0036556229709236608/0.9913658277941374/,2/
1,0.00018525849263599221/0.25473511910317537/0.7450796224041887/,0.00018525849263599221/0.25473511910317537/0.7450796224041887/,2/
1,1.583282244546016e-05/0.0009524758883387565/0.9990316912892158/,1.583282244546016e-05/0.0009524758883387565/0.9990316912892158/,2/
1,0.9999999871645991/1.2507132327035902e-08/3.2826848962345755e-10/,0.9999999871645991/1.2507132327035902e-08/3.2826848962345755e-10/,0/
1,0.9999999922000479/4.331425652149181e-09/3.468526635850893e-09/,0.9999999922000479/4.331425652149181e-09/3.468526635850893e-09/,0/
1,0.9665738127933474/0.02031382783742305/0.013112359369229408/,0.9665738127933474/0.02031382783742305/0.013112359369229408/,0/
1,0.022145926901536547/0.2172732566951628/0.7605808164033007/,0.022145926901536547/0.2172732566951628/0.7605808164033007/,2/
1,0.0015750042076181285/0.05954931150402234/0.9388756842883594/,0.0015750042076181285/0.05954931150402234/0.9388756842883594/,2/
1,0.0001000631503634147/0.011859793010022244/0.9880401438396144/,0.0001000631503634147/0.011859793010022244/0.9880401438396144/,2/
1,0.9999999610430175/3.800435362093477e-08/9.526290378384645e-10/,0.9999999610430175/3.800435362093477e-08/9.526290378384645e-10/,0/
1,0.1918643453407614/0.20928789293907818/0.5988477617201604/,0.1918643453407614/0.20928789293907818/0.5988477617201604/,2/
1,0.014872195066666585/0.6778018032004564/0.30732600173287694/,0.014872195066666585/0.6778018032004564/0.30732600173287694/,1/
1,0.9999997441000164/2.268277764934208e-07/2.9072207257171323e-08/,0.9999997441000164/2.268277764934208e-07/2.9072207257171323e-08/,0/
1,0.9999999494507207/4.9671689004172325e-08/8.775904119915985e-10/,0.9999999494507207/4.9671689004172325e-08/8.775904119915985e-10/,0/
1,0.9984970019574485/0.0008947282380480201/0.0006082698045034508/,0.9984970019574485/0.0008947282380480201/0.0006082698045034508/,0/
1,0.2861096124780533/0.3945674918881713/0.3193228956337753/,0.2861096124780533/0.3945674918881713/0.3193228956337753/,1/
1,0.012242230283609181/0.4386110967851375/0.5491466729312534/,0.012242230283609181/0.4386110967851375/0.5491466729312534/,2/
1,0.9999996867754901/3.0472533792803415e-07/8.499172067127024e-09/,0.9999996867754901/3.0472533792803415e-07/8.499172067127024e-09/,0/
1,0.9999407219537627/2.504214716109336e-05/3.4235899076194624e-05/,0.9999407219537627/2.504214716109336e-05/3.4235899076194624e-05/,0/
1,0.946808739047027/0.0353452783888307/0.01784598256414237/,0.946808739047027/0.0353452783888307/0.01784598256414237/,0/
1,0.04162085136720675/0.29086503519251106/0.6675141134402822/,0.04162085136720675/0.29086503519251106/0.6675141134402822/,2/
1,0.0002931799605794324/0.24943676423514785/0.7502700558042726/,0.0002931799605794324/0.24943676423514785/0.7502700558042726/,2/
1,0.0026233701106412183/0.0026306686824058663/0.9947459612069529/,0.0026233701106412183/0.0026306686824058663/0.9947459612069529/,2/
1,0.9999646179614488/1.7908346823808444e-05/1.7473691727307795e-05/,0.9999646179614488/1.7908346823808444e-05/1.7473691727307795e-05/,0/
1,0.9999999999999614/3.8687055696530653e-14/3.591363573848685e-17/,0.9999999999999614/3.8687055696530653e-14/3.591363573848685e-17/,0/
1,0.9873415222062719/0.007070956290862372/0.0055875215028658755/,0.9873415222062719/0.007070956290862372/0.0055875215028658755/,0/
1,0.30555306394899795/0.6695859074935607/0.02486102855744121/,0.30555306394899795/0.6695859074935607/0.02486102855744121/,1/
1,0.09486593572503897/0.22597467736699922/0.6791593869079618/,0.09486593572503897/0.22597467736699922/0.6791593869079618/,2/
1,0.9855540740812468/0.001681877026221908/0.012764048892531316/,0.9855540740812468/0.001681877026221908/0.012764048892531316/,0/
1,0.999613876977184/0.00011629645322488148/0.0002698265695912107/,0.999613876977184/0.00011629645322488148/0.0002698265695912107/,0/
1,0.13567984543355485/0.059354412956505745/0.8049657416099394/,0.13567984543355485/0.059354412956505745/0.8049657416099394/,2/
1,7.03844145827694e-05/0.04417407101001316/0.955755544575404/,7.03844145827694e-05/0.04417407101001316/0.955755544575404/,2/
2,0.27156850003759314/0.42605760219138267/0.3023738977710241/,0.27156850003759314/0.42605760219138267/0.3023738977710241/,1/
2,0.9999999999645242/3.525547232789398e-11/2.2032556808860882e-13/,0.9999999999645242/3.525547232789398e-11/2.2032556808860882e-13/,0/
2,0.8874732338211373/0.014909347227468821/0.09761741895139393/,0.8874732338211373/0.014909347227468821/0.09761741895139393/,0/
2,0.0009297519012242751/0.2109297491232119/0.7881404989755638/,0.0009297519012242751/0.2109297491232119/0.7881404989755638/,2/
2,0.0018988994344944772/0.35777834903404804/0.6403227515314575/,0.0018988994344944772/0.35777834903404804/0.6403227515314575/,2/
2,0.9999999945048512/5.448321950202353e-09/4.68267253814149e-11/,0.9999999945048512/5.448321950202353e-09/4.68267253814149e-11/,0/
2,0.9999999999999001/9.988477609922071e-14/5.830599425897272e-17/,0.9999999999999001/9.988477609922071e-14/5.830599425897272e-17/,0/
2,0.9999346557935312/2.1238817365296423e-05/4.41053891034165e-05/,0.9999346557935312/2.1238817365296423e-05/4.41053891034165e-05/,0/
2,4.215609993803291e-06/0.025651067086455343/0.9743447173035508/,4.215609993803291e-06/0.025651067086455343/0.9743447173035508/,2/
2,0.00018822960498529487/0.3895389064064712/0.6102728639885436/,0.00018822960498529487/0.3895389064064712/0.6102728639885436/,2/
2,1.0/2.473313287054281e-17/1.2054983126553458e-21/,1.0/2.473313287054281e-17/1.2054983126553458e-21/,0/
2,0.9999999999430045/5.5944152131830536e-11/1.0513654339084926e-12/,0.9999999999430045/5.5944152131830536e-11/1.0513654339084926e-12/,0/
2,0.5464067590977515/0.15323308850991732/0.30036015239233127/,0.5464067590977515/0.15323308850991732/0.30036015239233127/,0/
2,0.15359035405098156/0.14834323707058045/0.698066408878438/,0.15359035405098156/0.14834323707058045/0.698066408878438/,2/
2,0.0011570685546890762/0.6115876114260581/0.3872553200192527/,0.0011570685546890762/0.6115876114260581/0.3872553200192527/,1/
2,0.9999999999968032/3.1802083653318166e-12/1.6585621348468928e-14/,0.9999999999968032/3.1802083653318166e-12/1.6585621348468928e-14/,0/
2,1.0/3.931862616326311e-18/2.41327871606546e-22/,1.0/3.931862616326311e-18/2.41327871606546e-22/,0/
2,0.03617176540501555/0.0025066459150980963/0.9613215886798864/,0.03617176540501555/0.0025066459150980963/0.9613215886798864/,2/
2,4.277087972378677e-06/0.011144476873771972/0.9888512460382557/,4.277087972378677e-06/0.011144476873771972/0.9888512460382557/,2/
2,8.371435341494465e-07/0.015307894906494594/0.9846912679499713/,8.371435341494465e-07/0.015307894906494594/0.9846912679499713/,2/
2,4.19757217198218e-06/0.01967093885873737/0.9803248635690908/,4.19757217198218e-06/0.01967093885873737/0.9803248635690908/,2/
2,0.14877250709346398/0.47100430239744484/0.3802231905090912/,0.14877250709346398/0.47100430239744484/0.3802231905090912/,1/
2,0.9999992829403818/7.138118753544182e-07/3.2477429365031987e-09/,0.9999992829403818/7.138118753544182e-07/3.2477429365031987e-09/,0/
2,0.023348606562671733/0.22979316855037718/0.7468582248869511/,0.023348606562671733/0.22979316855037718/0.7468582248869511/,2/
2,0.00026591157170581417/0.47889673073324524/0.5208373576950489/,0.00026591157170581417/0.47889673073324524/0.5208373576950489/,2/
2,0.4871705014725925/0.22428439991862595/0.28854509860878147/,0.4871705014725925/0.22428439991862595/0.28854509860878147/,0/
2,0.9999999897316335/1.0251350144467897e-08/1.7016388408373952e-11/,0.9999999897316335/1.0251350144467897e-08/1.7016388408373952e-11/,0/
2,0.99958112947625/0.0003054251489323354/0.00011344537481777661/,0.99958112947625/0.0003054251489323354/0.00011344537481777661/,0/
2,0.03570604764017023/0.3275073680196149/0.6367865843402148/,0.03570604764017023/0.3275073680196149/0.6367865843402148/,2/
2,7.418876574311676e-05/0.1733352911330499/0.826590520101207/,7.418876574311676e-05/0.1733352911330499/0.826590520101207/,2/
2,0.9984191945142954/0.0012522612430896538/0.0003285442426149005/,0.9984191945142954/0.0012522612430896538/0.0003285442426149005/,0/
2,1.0/8.754064070121252e-18/5.816497424466975e-22/,1.0/8.754064070121252e-18/5.816497424466975e-22/,0/
2,0.9999987890642477/4.0760338283786107e-07/8.033323695840474e-07/,0.9999987890642477/4.0760338283786107e-07/8.033323695840474e-07/,0/
2,0.26874919873711656/0.039486514909018805/0.6917642863538647/,0.26874919873711656/0.039486514909018805/0.6917642863538647/,2/
2,0.024658060438074884/0.14097746948797618/0.8343644700739489/,0.024658060438074884/0.14097746948797618/0.8343644700739489/,2/
2,0.007449438035456377/0.18669906424273391/0.8058514977218098/,0.007449438035456377/0.18669906424273391/0.8058514977218098/,2/
2,0.9999993860110492/5.729054541260894e-07/4.108349665074113e-08/,0.9999993860110492/5.729054541260894e-07/4.108349665074113e-08/,0/
2,0.999998507106029/9.991839873218659e-07/4.937099836602259e-07/,0.999998507106029/9.991839873218659e-07/4.937099836602259e-07/,0/
2,0.10828803407056793/0.11974600918825527/0.7719659567411769/,0.10828803407056793/0.11974600918825527/0.7719659567411769/,2/
2,0.006702001155481139/0.22507075229836865/0.7682272465461502/,0.006702001155481139/0.22507075229836865/0.7682272465461502/,2/
2,0.9999999999117517/8.696538557312567e-11/1.2829518939286655e-12/,0.9999999999117517/8.696538557312567e-11/1.2829518939286655e-12/,0/
2,1.0/3.522907187777341e-21/8.649794592935888e-26/,1.0/3.522907187777341e-21/8.649794592935888e-26/,0/
2,0.9999999999997167/2.3708356071260434e-13/4.618572153347853e-14/,0.9999999999997167/2.3708356071260434e-13/4.618572153347853e-14/,0/
2,0.2749489926753/0.21647885348982762/0.5085721538348724/,0.2749489926753/0.21647885348982762/0.5085721538348724/,2/
2,0.0004680332791782988/0.22213333352404707/0.7773986331967746/,0.0004680332791782988/0.22213333352404707/0.7773986331967746/,2/
2,0.999979275663118/1.9867607999020448e-05/8.567288830896803e-07/,0.999979275663118/1.9867607999020448e-05/8.567288830896803e-07/,0/
2,1.0/9.462203607107543e-19/6.702491739998884e-23/,1.0/9.462203607107543e-19/6.702491739998884e-23/,0/
2,0.9991852419753388/0.0003821042183754375/0.0004326538062858261/,0.9991852419753388/0.0003821042183754375/0.0004326538062858261/,0/
2,0.07457043092765421/0.0901279712345694/0.8353015978377762/,0.07457043092765421/0.0901279712345694/0.8353015978377762/,2/
2,0.0005316204994776393/0.3824446968182721/0.6170236826822502/,0.0005316204994776393/0.3824446968182721/0.6170236826822502/,2/
2,6.8745209469044105e-06/0.003237641052581579/0.9967554844264715/,6.8745209469044105e-06/0.003237641052581579/0.9967554844264715/,2/
2,1.7890759583366721e-09/1.6165119238237442e-07/0.9999998365597317/,1.7890759583366721e-09/1.6165119238237442e-07/0.9999998365597317/,2/
2,0.9993046243979196/0.0006592192028519653/3.61563992284147e-05/,0.9993046243979196/0.0006592192028519653/3.61563992284147e-05/,0/
2,0.014923769528675543/0.057568523020670045/0.9275077074506544/,0.014923769528675543/0.057568523020670045/0.9275077074506544/,2/
2,0.00026259431330207585/0.05580333146125423/0.9439340742254438/,0.00026259431330207585/0.05580333146125423/0.9439340742254438/,2/
2,4.4297089731988685e-05/0.007932642489542643/0.9920230604207254/,4.4297089731988685e-05/0.007932642489542643/0.9920230604207254/,2/
2,0.999999999998161/1.838685553025449e-12/2.8223807953679555e-16/,0.999999999998161/1.838685553025449e-12/2.8223807953679555e-16/,0/
2,0.9999996190460178/3.65666554826713e-07/1.528742754523705e-08/,0.9999996190460178/3.65666554826713e-07/1.528742754523705e-08/,0/
2,0.0058219577934421245/0.06356966381634123/0.9306083783902166/,0.0058219577934421245/0.06356966381634123/0.9306083783902166/,2/
2,0.024616960187890988/0.21448601203446346/0.7608970277776456/,0.024616960187890988/0.21448601203446346/0.7608970277776456/,2/
2,0.012838810236394141/0.01668884524889277/0.970472344514713/,0.012838810236394141/0.01668884524889277/0.970472344514713/,2/
2,0.0008029397089426222/0.022967884803051765/0.9762291754880056/,0.0008029397089426222/0.022967884803051765/0.9762291754880056/,2/
2,0.9999999895431203/1.037951910505861e-08/7.73606485164115e-11/,0.9999999895431203/1.037951910505861e-08/7.73606485164115e-11/,0/
2,0.9999999923957082/8.644722180067026e-10/6.739819618276956e-09/,0.9999999923957082/8.644722180067026e-10/6.739819618276956e-09/,0/
2,0.0066242791033098245/0.33694533271777277/0.6564303881789173/,0.0066242791033098245/0.33694533271777277/0.6564303881789173/,2/
2,1.0/2.116608766993779e-22/3.334833615754687e-27/,1.0/2.116608766993779e-22/3.334833615754687e-27/,0/
2,1.0/1.305247297268235e-22/2.042024140807959e-27/,1.0/1.305247297268235e-22/2.042024140807959e-27/,0/
2,0.9999999999999998/2.748303796923713e-16/3.4292125771155715e-18/,0.9999999999999998/2.748303796923713e-16/3.4292125771155715e-18/,0/
2,0.062214938158350025/0.1164211248858387/0.8213639369558113/,0.062214938158350025/0.1164211248858387/0.8213639369558113/,2/
2,0.00035224625914803405/0.09603246278059176/0.9036152909602602/,0.00035224625914803405/0.09603246278059176/0.9036152909602602/,2/
2,0.06252039464647473/0.011968989019253091/0.9255106163342722/,0.06252039464647473/0.011968989019253091/0.9255106163342722/,2/
2,1.0/3.440964737532536e-24/5.147093922567379e-30/,1.0/3.440964737532536e-24/5.147093922567379e-30/,0/
2,1.0/2.0607655967401043e-22/1.1099871730517915e-27/,1.0/2.0607655967401043e-22/1.1099871730517915e-27/,0/
2,0.9998403913311158/6.114190509609412e-06/0.00015349447837469926/,0.9998403913311158/6.114190509609412e-06/0.00015349447837469926/,0/
2,0.015064646121886677/0.05834761387795294/0.9265877400001604/,0.015064646121886677/0.05834761387795294/0.9265877400001604/,2/
2,0.9998812185586906/1.2136994540808086e-05/0.00010664444676864953/,0.9998812185586906/1.2136994540808086e-05/0.00010664444676864953/,0/
2,1.0/1.9820256945998906e-23/1.2138548071451518e-28/,1.0/1.9820256945998906e-23/1.2138548071451518e-28/,0/
2,0.9999999999844027/1.051761306774726e-11/5.079659507782055e-12/,0.9999999999844027/1.051761306774726e-11/5.079659507782055e-12/,0/
2,3.0888883540976274e-06/6.392928429840162e-06/0.9999905181832162/,3.0888883540976274e-06/6.392928429840162e-06/0.9999905181832162/,2/
2,6.966922974339721e-05/0.0012004056278539857/0.9987299251424027/,6.966922974339721e-05/0.0012004056278539857/0.9987299251424027/,2/
2,0.9999999999890696/1.0896187594984985e-11/3.429032646377039e-14/,0.9999999999890696/1.0896187594984985e-11/3.429032646377039e-14/,0/
2,1.0/8.611799288632336e-24/3.7844886486231227e-29/,1.0/8.611799288632336e-24/3.7844886486231227e-29/,0/
2,0.9999999714850109/1.2441636387798995e-08/1.6073352701019523e-08/,0.9999999714850109/1.2441636387798995e-08/1.6073352701019523e-08/,0/
2,0.00023518983322825553/0.02502224201024129/0.9747425681565306/,0.00023518983322825553/0.02502224201024129/0.9747425681565306/,2/
2,0.0006968898516387703/0.15958917069204911/0.8397139394563121/,0.0006968898516387703/0.15958917069204911/0.8397139394563121/,2/
2,1.0/1.2951382809566577e-18/4.7639977692518086e-24/,1.0/1.2951382809566577e-18/4.7639977692518086e-24/,0/
2,1.0/1.013139890204338e-23/3.614498997888401e-29/,1.0/1.013139890204338e-23/3.614498997888401e-29/,0/
2,0.999999999979692/1.369886231827749e-11/6.609234420135771e-12/,0.999999999979692/1.369886231827749e-11/6.609234420135771e-12/,0/
2,0.025639507293249198/0.07136096398674853/0.9029995287200023/,0.025639507293249198/0.07136096398674853/0.9029995287200023/,2/
2,0.45394668351282697/0.3715695530678431/0.17448376341933003/,0.45394668351282697/0.3715695530678431/0.17448376341933003/,0/
2,1.0/4.897935291359506e-27/9.07385035406102e-33/,1.0/4.897935291359506e-27/9.07385035406102e-33/,0/
2,0.9999999999758473/1.9195074239569082e-11/4.957559675317453e-12/,0.9999999999758473/1.9195074239569082e-11/4.957559675317453e-12/,0/
2,5.539894659182823e-05/0.00015746696164052162/0.9997871340917677/,5.539894659182823e-05/0.00015746696164052162/0.9997871340917677/,2/
2,0.0022366688947997176/0.08588377106154793/0.9118795600436524/,0.0022366688947997176/0.08588377106154793/0.9118795600436524/,2/
2,0.00026252682289537745/0.0411117655320726/0.958625707645032/,0.00026252682289537745/0.0411117655320726/0.958625707645032/,2/
2,0.9999999643858676/3.456562633293181e-08/1.0485061492419195e-09/,0.9999999643858676/3.456562633293181e-08/1.0485061492419195e-09/,0/
2,1.0/1.9425053519572912e-29/8.665221795923766e-38/,1.0/1.9425053519572912e-29/8.665221795923766e-38/,0/
2,1.0/2.6013472321649112e-20/5.235456982549363e-23/,1.0/2.6013472321649112e-20/5.235456982549363e-23/,0/
2,1.0583353196025662e-07/0.0002078950622572745/0.9997919991042108/,1.0583353196025662e-07/0.0002078950622572745/0.9997919991042108/,2/
2,0.00030963285184150386/0.018178263138267564/0.9815121040098909/,0.00030963285184150386/0.018178263138267564/0.9815121040098909/,2/
2,2.127011759138837e-07/0.00033869271351184973/0.9996610945853123/,2.127011759138837e-07/0.00033869271351184973/0.9996610945853123/,2/
2,0.9999978027171613/1.3513803075110261e-06/8.459025311907556e-07/,0.9999978027171613/1.3513803075110261e-06/8.459025311907556e-07/,0/
2,1.0/7.461619311392851e-19/1.0497797235327475e-21/,1.0/7.461619311392851e-19/1.0497797235327475e-21/,0/
2,0.9999981328272376/1.3585424676727147e-07/1.731318515549368e-06/,0.9999981328272376/1.3585424676727147e-07/1.731318515549368e-06/,0/
2,0.14038853652061287/0.029725212837081377/0.8298862506423057/,0.14038853652061287/0.029725212837081377/0.8298862506423057/,2/
2,0.9999999999939317/5.9060751888517386e-12/1.6209968477609142e-13/,0.9999999999939317/5.9060751888517386e-12/1.6209968477609142e-13/,0/
2,0.9999999999999998/3.0187220519967116e-16/6.238516567820707e-19/,0.9999999999999998/3.0187220519967116e-16/6.238516567820707e-19/,0/
2,0.9999999999995799/4.146392048675984e-13/5.529199691523108e-15/,0.9999999999995799/4.146392048675984e-13/5.529199691523108e-15/,0/
2,0.9843129639019486/0.001725451288632631/0.013961584809418861/,0.9843129639019486/0.001725451288632631/0.013961584809418861/,0/
2,0.0022744592865095916/0.09638293238878817/0.9013426083247024/,0.0022744592865095916/0.09638293238878817/0.9013426083247024/,2/
2,1.0/1.081009459593534e-24/1.1382005748881123e-31/,1.0/1.081009459593534e-24/1.1382005748881123e-31/,0/
2,1.0/5.87120587976988e-19/2.324268225594746e-23/,1.0/5.87120587976988e-19/2.324268225594746e-23/,0/
2,0.9999996068719945/5.3207628996586636e-08/3.399203764796776e-07/,0.9999996068719945/5.3207628996586636e-08/3.399203764796776e-07/,0/
2,7.702086417502613e-05/0.009410424658667763/0.9905125544771571/,7.702086417502613e-05/0.009410424658667763/0.9905125544771571/,2/
2,0.0013682944193658053/0.00024094266764606217/0.9983907629129881/,0.0013682944193658053/0.00024094266764606217/0.9983907629129881/,2/
2,0.0024698807696824374/0.013815775472074852/0.9837143437582427/,0.0024698807696824374/0.013815775472074852/0.9837143437582427/,2/
2,0.9999999999999993/6.433180538331368e-16/5.590713566699535e-20/,0.9999999999999993/6.433180538331368e-16/5.590713566699535e-20/,0/
2,0.9999988124454672/3.3727520527558184e-07/8.502793274340841e-07/,0.9999988124454672/3.3727520527558184e-07/8.502793274340841e-07/,0/
2,5.863412228416757e-05/0.007526526646115535/0.9924148392316002/,5.863412228416757e-05/0.007526526646115535/0.9924148392316002/,2/
2,1.1376289411905181e-07/6.423335408107435e-05/0.9999356528830248/,1.1376289411905181e-07/6.423335408107435e-05/0.9999356528830248/,2/
2,0.9999999999999971/2.89105529925055e-15/1.0188190463586213e-17/,0.9999999999999971/2.89105529925055e-15/1.0188190463586213e-17/,0/
2,1.0/8.654327278939063e-22/2.6287789391189485e-26/,1.0/8.654327278939063e-22/2.6287789391189485e-26/,0/
2,0.9999999999998861/1.1327413251559224e-13/7.225844943194249e-16/,0.9999999999998861/1.1327413251559224e-13/7.225844943194249e-16/,0/
2,0.003274872632111361/0.001974031098499397/0.9947510962693892/,0.003274872632111361/0.001974031098499397/0.9947510962693892/,2/
2,0.18082165205493855/0.6434440417953566/0.1757343061497049/,0.18082165205493855/0.6434440417953566/0.1757343061497049/,1/
2,0.00027948291712560376/0.04305183723253556/0.9566686798503388/,0.00027948291712560376/0.04305183723253556/0.9566686798503388/,2/
2,0.9989777927543337/0.00012709678777877843/0.0008951104578876421/,0.9989777927543337/0.00012709678777877843/0.0008951104578876421/,0/
2,1.0/4.593674661392812e-27/2.5342383215019498e-34/,1.0/4.593674661392812e-27/2.5342383215019498e-34/,0/
2,0.7499570437497829/0.00028004265608862173/0.24976291359412844/,0.7499570437497829/0.00028004265608862173/0.24976291359412844/,0/
2,0.0007923605317166232/0.09755641304625184/0.9016512264220315/,0.0007923605317166232/0.09755641304625184/0.9016512264220315/,2/
2,0.00010561873830792251/0.006234177650108235/0.9936602036115839/,0.00010561873830792251/0.006234177650108235/0.9936602036115839/,2/
2,0.4687072540169149/0.0914220188797362/0.4398707271033489/,0.4687072540169149/0.0914220188797362/0.4398707271033489/,0/
2,1.0/2.3607389417471753e-27/2.4564228857051516e-33/,1.0/2.3607389417471753e-27/2.4564228857051516e-33/,0/
2,0.03111343163880208/0.001458041860341625/0.9674285265008563/,0.03111343163880208/0.001458041860341625/0.9674285265008563/,2/
2,0.0014420635377807222/0.12178347188597921/0.87677446457624/,0.0014420635377807222/0.12178347188597921/0.87677446457624/,2/
2,0.7186904876038986/0.0011380393925491342/0.28017147300355216/,0.7186904876038986/0.0011380393925491342/0.28017147300355216/,0/
2,0.9999999999994391/5.591601470091614e-13/1.8179126832694458e-15/,0.9999999999994391/5.591601470091614e-13/1.8179126832694458e-15/,0/
2,0.9994304304472352/2.017745219248025e-05/0.0005493921005724013/,0.9994304304472352/2.017745219248025e-05/0.0005493921005724013/,0/
2,0.016145456984798728/0.001601334942499668/0.9822532080727017/,0.016145456984798728/0.001601334942499668/0.9822532080727017/,2/
2,5.544228304458513e-07/0.0021274531732884063/0.997871992403881/,5.544228304458513e-07/0.0021274531732884063/0.997871992403881/,2/
2,0.34462897354469696/0.09483986199548793/0.5605311644598151/,0.34462897354469696/0.09483986199548793/0.5605311644598151/,2/
2,1.0/2.442403992627811e-18/4.113196000237396e-23/,1.0/2.442403992627811e-18/4.113196000237396e-23/,0/
2,0.9997325640156476/7.131306290617021e-05/0.00019612292144612444/,0.9997325640156476/7.131306290617021e-05/0.00019612292144612444/,0/
2,0.02743968167971494/0.12798728847381585/0.8445730298464692/,0.02743968167971494/0.12798728847381585/0.8445730298464692/,2/
2,0.0003431680801711938/0.570554949404474/0.4291018825153547/,0.0003431680801711938/0.570554949404474/0.4291018825153547/,1/
2,3.0001137925620076e-07/0.001526383163176025/0.9984733168254447/,3.0001137925620076e-07/0.001526383163176025/0.9984733168254447/,2/
2,0.19741480058284192/0.018470462063876265/0.7841147373532819/,0.19741480058284192/0.018470462063876265/0.7841147373532819/,2/
2,0.9999999971807596/1.8131988104687442e-09/1.0060414533591718e-09/,0.9999999971807596/1.8131988104687442e-09/1.0060414533591718e-09/,0/
2,0.0028260399540863228/0.012829789391270045/0.9843441706546436/,0.0028260399540863228/0.012829789391270045/0.9843441706546436/,2/
2,6.156092290334626e-06/0.07086144602326/0.9291323978844498/,6.156092290334626e-06/0.07086144602326/0.9291323978844498/,2/
