Cost,Prob,Real_Goal,Results,Time
0.06376437842845917/0.4707590937614441/0.46547651290893555/,0.06376437842845917/0.4707590937614441/0.46547651290893555/,0.0,1/,0.0005300045013427734
0.8669718503952026/0.05061602592468262/0.08241221308708191/,0.8669718503952026/0.05061602592468262/0.08241221308708191/,0.0,0/,0.0006740093231201172
0.7209393382072449/0.07771224528551102/0.20134839415550232/,0.7209393382072449/0.07771224528551102/0.20134839415550232/,0.0,0/,0.0008189678192138672
0.4645504057407379/0.16614431142807007/0.36930519342422485/,0.4645504057407379/0.16614431142807007/0.36930519342422485/,0.0,0/,0.0008540153503417969
0.8548682332038879/0.11076828837394714/0.03436342999339104/,0.8548682332038879/0.11076828837394714/0.03436342999339104/,0.0,0/,0.0010519027709960938
0.15972435474395752/0.33574622869491577/0.5045293569564819/,0.15972435474395752/0.33574622869491577/0.5045293569564819/,1.0,2/,0.0024878978729248047
0.14603233337402344/0.4801538288593292/0.3738138973712921/,0.14603233337402344/0.4801538288593292/0.3738138973712921/,1.0,1/,0.006592988967895508
0.31132984161376953/0.38885992765426636/0.29981017112731934/,0.31132984161376953/0.38885992765426636/0.29981017112731934/,1.0,1/,0.010213851928710938
0.10934645682573318/0.5011664032936096/0.3894871175289154/,0.10934645682573318/0.5011664032936096/0.3894871175289154/,1.0,1/,0.01764512062072754
0.19171789288520813/0.5880273580551147/0.22025471925735474/,0.19171789288520813/0.5880273580551147/0.22025471925735474/,1.0,1/,0.019960880279541016
0.25566980242729187/0.3587551712989807/0.3855750560760498/,0.25566980242729187/0.3587551712989807/0.3855750560760498/,2.0,2/,0.0007741451263427734
0.698074996471405/0.10721313953399658/0.1947118192911148/,0.698074996471405/0.10721313953399658/0.1947118192911148/,2.0,0/,0.0011439323425292969
0.8124333024024963/0.07170245051383972/0.11586423218250275/,0.8124333024024963/0.07170245051383972/0.11586423218250275/,2.0,0/,0.0010046958923339844
0.06388609111309052/0.436514675617218/0.4995991885662079/,0.06388609111309052/0.436514675617218/0.4995991885662079/,2.0,2/,0.0017528533935546875
0.09041010588407516/0.38179507851600647/0.5277948379516602/,0.09041010588407516/0.38179507851600647/0.5277948379516602/,2.0,2/,0.0015418529510498047
0.04094180837273598/0.6961069703102112/0.2629513144493103/,0.04094180837273598/0.6961069703102112/0.2629513144493103/,0.0,1/,0.0005459785461425781
0.10012524574995041/0.49558860063552856/0.4042861759662628/,0.10012524574995041/0.49558860063552856/0.4042861759662628/,0.0,1/,0.0008409023284912109
0.09766200184822083/0.275637149810791/0.6267008781433105/,0.09766200184822083/0.275637149810791/0.6267008781433105/,0.0,2/,0.0008530616760253906
0.3889923095703125/0.18374864757061005/0.42725905776023865/,0.3889923095703125/0.18374864757061005/0.42725905776023865/,0.0,2/,0.0009098052978515625
0.6473889350891113/0.23110125958919525/0.12150979042053223/,0.6473889350891113/0.23110125958919525/0.12150979042053223/,0.0,0/,0.0010650157928466797
0.1558184176683426/0.6434643268585205/0.2007172405719757/,0.1558184176683426/0.6434643268585205/0.2007172405719757/,1.0,1/,0.0007338523864746094
0.217727929353714/0.17407338321208954/0.6081986427307129/,0.217727929353714/0.17407338321208954/0.6081986427307129/,1.0,2/,0.0010690689086914062
0.14551149308681488/0.19410425424575806/0.6603842377662659/,0.14551149308681488/0.19410425424575806/0.6603842377662659/,1.0,2/,0.0009720325469970703
0.04935178905725479/0.3564135432243347/0.5942346453666687/,0.04935178905725479/0.3564135432243347/0.5942346453666687/,1.0,2/,0.0010521411895751953
0.03541242331266403/0.29887908697128296/0.6657084226608276/,0.03541242331266403/0.29887908697128296/0.6657084226608276/,1.0,2/,0.0014901161193847656
0.38085705041885376/0.47570309042930603/0.1434398591518402/,0.38085705041885376/0.47570309042930603/0.1434398591518402/,2.0,1/,0.0006399154663085938
0.32854965329170227/0.2942461669445038/0.37720420956611633/,0.32854965329170227/0.2942461669445038/0.37720420956611633/,2.0,2/,0.0008928775787353516
0.21810655295848846/0.2263549268245697/0.555538535118103/,0.21810655295848846/0.2263549268245697/0.555538535118103/,2.0,2/,0.0007021427154541016
0.030098114162683487/0.2764386534690857/0.6934632062911987/,0.030098114162683487/0.2764386534690857/0.6934632062911987/,2.0,2/,0.000820159912109375
0.029342185705900192/0.5101602077484131/0.46049755811691284/,0.029342185705900192/0.5101602077484131/0.46049755811691284/,2.0,1/,0.0008933544158935547
0.0691608265042305/0.7304351925849915/0.20040395855903625/,0.0691608265042305/0.7304351925849915/0.20040395855903625/,0.0,1/,0.0006170272827148438
0.12453120946884155/0.7250926494598389/0.1503760665655136/,0.12453120946884155/0.7250926494598389/0.1503760665655136/,0.0,1/,0.0007131099700927734
0.295072466135025/0.26502084732055664/0.43990668654441833/,0.295072466135025/0.26502084732055664/0.43990668654441833/,0.0,2/,0.0007832050323486328
0.21242548525333405/0.3573947548866272/0.43017977476119995/,0.21242548525333405/0.3573947548866272/0.43017977476119995/,0.0,2/,0.0011339187622070312
0.6894688606262207/0.25277966260910034/0.05775138735771179/,0.6894688606262207/0.25277966260910034/0.05775138735771179/,0.0,0/,0.0015609264373779297
0.2382880002260208/0.4787084758281708/0.28300347924232483/,0.2382880002260208/0.4787084758281708/0.28300347924232483/,1.0,1/,0.000614166259765625
0.37958234548568726/0.2104363888502121/0.40998131036758423/,0.37958234548568726/0.2104363888502121/0.40998131036758423/,1.0,2/,0.0007989406585693359
0.13733968138694763/0.09562841802835464/0.7670319676399231/,0.13733968138694763/0.09562841802835464/0.7670319676399231/,1.0,2/,0.0008270740509033203
0.27629533410072327/0.10760479420423508/0.6160998344421387/,0.27629533410072327/0.10760479420423508/0.6160998344421387/,1.0,2/,0.0011970996856689453
0.09951875358819962/0.7289018034934998/0.1715794801712036/,0.09951875358819962/0.7289018034934998/0.1715794801712036/,1.0,1/,0.0010399818420410156
0.6259630918502808/0.20953524112701416/0.16450166702270508/,0.6259630918502808/0.20953524112701416/0.16450166702270508/,2.0,0/,0.0008840560913085938
0.20363759994506836/0.11112482845783234/0.6852375864982605/,0.20363759994506836/0.11112482845783234/0.6852375864982605/,2.0,2/,0.0006949901580810547
0.2982853651046753/0.06906789541244507/0.6326467990875244/,0.2982853651046753/0.06906789541244507/0.6326467990875244/,2.0,2/,0.0006842613220214844
0.028944585472345352/0.15138715505599976/0.8196682929992676/,0.028944585472345352/0.15138715505599976/0.8196682929992676/,2.0,2/,0.0007102489471435547
0.05899693816900253/0.5135089159011841/0.4274941384792328/,0.05899693816900253/0.5135089159011841/0.4274941384792328/,2.0,1/,0.001010894775390625
0.12518776953220367/0.6065675020217896/0.26824477314949036/,0.12518776953220367/0.6065675020217896/0.26824477314949036/,0.0,1/,0.0003981590270996094
0.6615321040153503/0.14797838032245636/0.19048956036567688/,0.6615321040153503/0.14797838032245636/0.19048956036567688/,0.0,0/,0.0005950927734375
0.7815277576446533/0.1325131058692932/0.08595907688140869/,0.7815277576446533/0.1325131058692932/0.08595907688140869/,0.0,0/,0.000759124755859375
0.7564709782600403/0.16490036249160767/0.07862869650125504/,0.7564709782600403/0.16490036249160767/0.07862869650125504/,0.0,0/,0.0008561611175537109
0.3521682322025299/0.5657515525817871/0.08208023011684418/,0.3521682322025299/0.5657515525817871/0.08208023011684418/,0.0,1/,0.001402139663696289
0.059089042246341705/0.5302067399024963/0.4107041358947754/,0.059089042246341705/0.5302067399024963/0.4107041358947754/,1.0,1/,0.0007100105285644531
0.0633595734834671/0.659229576587677/0.2774108052253723/,0.0633595734834671/0.659229576587677/0.2774108052253723/,1.0,1/,0.0008549690246582031
0.27716946601867676/0.5449733138084412/0.17785722017288208/,0.27716946601867676/0.5449733138084412/0.17785722017288208/,1.0,1/,0.001035928726196289
0.5542840361595154/0.2117747813463211/0.2339412122964859/,0.5542840361595154/0.2117747813463211/0.2339412122964859/,1.0,0/,0.0011048316955566406
0.09336663037538528/0.6369532346725464/0.26968005299568176/,0.09336663037538528/0.6369532346725464/0.26968005299568176/,1.0,1/,0.0015630722045898438
0.07275065779685974/0.3852861821651459/0.5419631600379944/,0.07275065779685974/0.3852861821651459/0.5419631600379944/,2.0,2/,0.0006008148193359375
0.06805726885795593/0.5045137405395508/0.4274289906024933/,0.06805726885795593/0.5045137405395508/0.4274289906024933/,2.0,1/,0.0006358623504638672
0.11072757840156555/0.1213083490729332/0.7679640650749207/,0.11072757840156555/0.1213083490729332/0.7679640650749207/,2.0,2/,0.0007698535919189453
0.07834530621767044/0.10761929303407669/0.8140354156494141/,0.07834530621767044/0.10761929303407669/0.8140354156494141/,2.0,2/,0.0009388923645019531
0.02859562076628208/0.42974722385406494/0.5416570901870728/,0.02859562076628208/0.42974722385406494/0.5416570901870728/,2.0,2/,0.00102996826171875
0.11807059496641159/0.43434959650039673/0.4475797712802887/,0.11807059496641159/0.43434959650039673/0.4475797712802887/,0.0,2/,0.0005292892456054688
0.8118340373039246/0.11092381179332733/0.07724210619926453/,0.8118340373039246/0.11092381179332733/0.07724210619926453/,0.0,0/,0.0007448196411132812
0.4681285619735718/0.2716813385486603/0.26019009947776794/,0.4681285619735718/0.2716813385486603/0.26019009947776794/,0.0,0/,0.0008440017700195312
0.46831050515174866/0.34307196736335754/0.1886174976825714/,0.46831050515174866/0.34307196736335754/0.1886174976825714/,0.0,0/,0.0010731220245361328
0.8337668776512146/0.13090281188488007/0.03533022478222847/,0.8337668776512146/0.13090281188488007/0.03533022478222847/,0.0,0/,0.0011830329895019531
0.08258754014968872/0.41594696044921875/0.5014655590057373/,0.08258754014968872/0.41594696044921875/0.5014655590057373/,1.0,2/,0.0014262199401855469
0.11000239849090576/0.44769689440727234/0.4423007369041443/,0.11000239849090576/0.44769689440727234/0.4423007369041443/,1.0,1/,0.000743865966796875
0.04980044439435005/0.20937283337116241/0.7408266663551331/,0.04980044439435005/0.20937283337116241/0.7408266663551331/,1.0,2/,0.0008831024169921875
0.04552692547440529/0.0627891793847084/0.8916838765144348/,0.04552692547440529/0.0627891793847084/0.8916838765144348/,1.0,2/,0.0012350082397460938
0.6884248852729797/0.1930413544178009/0.11853378266096115/,0.6884248852729797/0.1930413544178009/0.11853378266096115/,1.0,0/,0.0013730525970458984
0.034192487597465515/0.32855334877967834/0.6372541189193726/,0.034192487597465515/0.32855334877967834/0.6372541189193726/,2.0,2/,0.0005538463592529297
0.04889176785945892/0.3777281939983368/0.5733801126480103/,0.04889176785945892/0.3777281939983368/0.5733801126480103/,2.0,2/,0.0007159709930419922
0.36335518956184387/0.41537919640541077/0.22126564383506775/,0.36335518956184387/0.41537919640541077/0.22126564383506775/,2.0,1/,0.0007979869842529297
0.3536904454231262/0.16290675103664398/0.48340287804603577/,0.3536904454231262/0.16290675103664398/0.48340287804603577/,2.0,2/,0.0009257793426513672
0.028751777485013008/0.5020754933357239/0.4691726863384247/,0.028751777485013008/0.5020754933357239/0.4691726863384247/,2.0,1/,0.0010190010070800781
0.08241330832242966/0.5398510098457336/0.3777356445789337/,0.08241330832242966/0.5398510098457336/0.3777356445789337/,0.0,1/,0.0005319118499755859
0.07043582946062088/0.26870518922805786/0.6608589887619019/,0.07043582946062088/0.26870518922805786/0.6608589887619019/,0.0,2/,0.0006511211395263672
0.2526243329048157/0.1915310025215149/0.5558446645736694/,0.2526243329048157/0.1915310025215149/0.5558446645736694/,0.0,2/,0.0008370876312255859
0.07519816607236862/0.39430880546569824/0.5304930210113525/,0.07519816607236862/0.39430880546569824/0.5304930210113525/,0.0,2/,0.0008518695831298828
0.1418144255876541/0.8180730938911438/0.04011247679591179/,0.1418144255876541/0.8180730938911438/0.04011247679591179/,0.0,1/,0.0010559558868408203
0.025167031213641167/0.06797782331705093/0.9068551659584045/,0.025167031213641167/0.06797782331705093/0.9068551659584045/,1.0,2/,0.0005781650543212891
0.11665212363004684/0.018350904807448387/0.8649969696998596/,0.11665212363004684/0.018350904807448387/0.8649969696998596/,1.0,2/,0.0007159709930419922
0.14344625174999237/0.031001616269350052/0.8255520462989807/,0.14344625174999237/0.031001616269350052/0.8255520462989807/,1.0,2/,0.0007650852203369141
0.018249360844492912/0.052065908908843994/0.9296847581863403/,0.018249360844492912/0.052065908908843994/0.9296847581863403/,1.0,2/,0.0008313655853271484
0.04152339696884155/0.7810277342796326/0.17744889855384827/,0.04152339696884155/0.7810277342796326/0.17744889855384827/,1.0,1/,0.0009970664978027344
0.2994031310081482/0.27256131172180176/0.42803552746772766/,0.2994031310081482/0.27256131172180176/0.42803552746772766/,2.0,2/,0.0005328655242919922
0.19953002035617828/0.49967190623283386/0.30079805850982666/,0.19953002035617828/0.49967190623283386/0.30079805850982666/,2.0,1/,0.0006949901580810547
0.06334000080823898/0.09486663341522217/0.8417933583259583/,0.06334000080823898/0.09486663341522217/0.8417933583259583/,2.0,2/,0.0008032321929931641
0.11565889418125153/0.06560727953910828/0.8187338709831238/,0.11565889418125153/0.06560727953910828/0.8187338709831238/,2.0,2/,0.0009019374847412109
0.03402860090136528/0.10360074788331985/0.8623706698417664/,0.03402860090136528/0.10360074788331985/0.8623706698417664/,2.0,2/,0.0009551048278808594
0.06298395991325378/0.40134134888648987/0.5356746912002563/,0.06298395991325378/0.40134134888648987/0.5356746912002563/,0.0,2/,0.0005118846893310547
0.3881261944770813/0.30780819058418274/0.3040655553340912/,0.3881261944770813/0.30780819058418274/0.3040655553340912/,0.0,0/,0.0006470680236816406
0.14944449067115784/0.4786469340324402/0.37190860509872437/,0.14944449067115784/0.4786469340324402/0.37190860509872437/,0.0,1/,0.0007207393646240234
0.32366743683815/0.4239700138568878/0.2523624897003174/,0.32366743683815/0.4239700138568878/0.2523624897003174/,0.0,1/,0.000762939453125
0.8128723502159119/0.15419672429561615/0.032930899411439896/,0.8128723502159119/0.15419672429561615/0.032930899411439896/,0.0,0/,0.0016629695892333984
0.06437688320875168/0.6583913564682007/0.27723169326782227/,0.06437688320875168/0.6583913564682007/0.27723169326782227/,1.0,1/,0.0005738735198974609
0.3791577219963074/0.16653373837471008/0.45430853962898254/,0.3791577219963074/0.16653373837471008/0.45430853962898254/,1.0,2/,0.00074005126953125
0.7680479884147644/0.09303352236747742/0.1389184445142746/,0.7680479884147644/0.09303352236747742/0.1389184445142746/,1.0,0/,0.0008738040924072266
0.4598383605480194/0.24126867949962616/0.2988928556442261/,0.4598383605480194/0.24126867949962616/0.2988928556442261/,1.0,0/,0.0010180473327636719
0.07828252762556076/0.632818341255188/0.2888992130756378/,0.07828252762556076/0.632818341255188/0.2888992130756378/,1.0,1/,0.0013480186462402344
0.037530865520238876/0.2542238235473633/0.7082452774047852/,0.037530865520238876/0.2542238235473633/0.7082452774047852/,2.0,2/,0.0005562305450439453
0.08042137324810028/0.11957788467407227/0.800000786781311/,0.08042137324810028/0.11957788467407227/0.800000786781311/,2.0,2/,0.0007269382476806641
0.2758205235004425/0.0923934280872345/0.6317859888076782/,0.2758205235004425/0.0923934280872345/0.6317859888076782/,2.0,2/,0.0007231235504150391
0.08183500170707703/0.10669127851724625/0.8114737272262573/,0.08183500170707703/0.10669127851724625/0.8114737272262573/,2.0,2/,0.0007927417755126953
0.03583039715886116/0.11734429746866226/0.8468253016471863/,0.03583039715886116/0.11734429746866226/0.8468253016471863/,2.0,2/,0.0010597705841064453
0.16840270161628723/0.5030431747436523/0.3285541534423828/,0.16840270161628723/0.5030431747436523/0.3285541534423828/,0.0,1/,0.0009212493896484375
0.6729435324668884/0.18841440975666046/0.13864204287528992/,0.6729435324668884/0.18841440975666046/0.13864204287528992/,0.0,0/,0.0007181167602539062
0.19201627373695374/0.18133917450904846/0.626644492149353/,0.19201627373695374/0.18133917450904846/0.626644492149353/,0.0,2/,0.0007359981536865234
0.3950228989124298/0.41360095143318176/0.19137611985206604/,0.3950228989124298/0.41360095143318176/0.19137611985206604/,0.0,1/,0.0010089874267578125
0.9293750524520874/0.054288942366838455/0.01633596234023571/,0.9293750524520874/0.054288942366838455/0.01633596234023571/,0.0,0/,0.0009799003601074219
0.17701688408851624/0.1788412481546402/0.6441418528556824/,0.17701688408851624/0.1788412481546402/0.6441418528556824/,1.0,2/,0.000537872314453125
0.35483139753341675/0.12579989433288574/0.5193686485290527/,0.35483139753341675/0.12579989433288574/0.5193686485290527/,1.0,2/,0.0006399154663085938
0.08342967927455902/0.10893245786428452/0.8076378703117371/,0.08342967927455902/0.10893245786428452/0.8076378703117371/,1.0,2/,0.0008099079132080078
0.034690674394369125/0.17602607607841492/0.7892832159996033/,0.034690674394369125/0.17602607607841492/0.7892832159996033/,1.0,2/,0.0009450912475585938
0.03835839405655861/0.3413335978984833/0.620307981967926/,0.03835839405655861/0.3413335978984833/0.620307981967926/,1.0,2/,0.00127410888671875
0.0317593589425087/0.5326446890830994/0.4355959892272949/,0.0317593589425087/0.5326446890830994/0.4355959892272949/,2.0,1/,0.0005710124969482422
0.11892575770616531/0.34020400047302246/0.540870189666748/,0.11892575770616531/0.34020400047302246/0.540870189666748/,2.0,2/,0.0005948543548583984
0.17744328081607819/0.17089655995368958/0.651660144329071/,0.17744328081607819/0.17089655995368958/0.651660144329071/,2.0,2/,0.0007350444793701172
0.07066930830478668/0.12552058696746826/0.8038101196289062/,0.07066930830478668/0.12552058696746826/0.8038101196289062/,2.0,2/,0.0008091926574707031
0.014697028324007988/0.24537068605422974/0.7399322986602783/,0.014697028324007988/0.24537068605422974/0.7399322986602783/,2.0,2/,0.0009253025054931641
0.038464680314064026/0.32197797298431396/0.6395573616027832/,0.038464680314064026/0.32197797298431396/0.6395573616027832/,0.0,2/,0.0005519390106201172
0.05731703341007233/0.48864132165908813/0.45404163002967834/,0.05731703341007233/0.48864132165908813/0.45404163002967834/,0.0,1/,0.0007240772247314453
0.29789620637893677/0.4785213768482208/0.2235824316740036/,0.29789620637893677/0.4785213768482208/0.2235824316740036/,0.0,1/,0.0007970333099365234
0.5601082444190979/0.3289625644683838/0.11092914640903473/,0.5601082444190979/0.3289625644683838/0.11092914640903473/,0.0,0/,0.0009179115295410156
0.3434242904186249/0.5124022364616394/0.1441735476255417/,0.3434242904186249/0.5124022364616394/0.1441735476255417/,0.0,1/,0.0010249614715576172
0.17355036735534668/0.2681817412376404/0.5582678914070129/,0.17355036735534668/0.2681817412376404/0.5582678914070129/,1.0,2/,0.0007367134094238281
0.2844819128513336/0.3615523874759674/0.3539658188819885/,0.2844819128513336/0.3615523874759674/0.3539658188819885/,1.0,1/,0.0006690025329589844
0.32820987701416016/0.197665736079216/0.47412434220314026/,0.32820987701416016/0.197665736079216/0.47412434220314026/,1.0,2/,0.0007491111755371094
0.09660205990076065/0.39915797114372253/0.5042399764060974/,0.09660205990076065/0.39915797114372253/0.5042399764060974/,1.0,2/,0.0008549690246582031
0.05379006266593933/0.44489243626594543/0.5013174414634705/,0.05379006266593933/0.44489243626594543/0.5013174414634705/,1.0,2/,0.001088857650756836
0.05783257260918617/0.19203297793865204/0.7501344680786133/,0.05783257260918617/0.19203297793865204/0.7501344680786133/,2.0,2/,0.0005331039428710938
0.0722915530204773/0.08514729142189026/0.8425611853599548/,0.0722915530204773/0.08514729142189026/0.8425611853599548/,2.0,2/,0.0005567073822021484
0.16818659007549286/0.11464016139507294/0.7171732783317566/,0.16818659007549286/0.11464016139507294/0.7171732783317566/,2.0,2/,0.0006489753723144531
0.14556850492954254/0.08533826470375061/0.7690932750701904/,0.14556850492954254/0.08533826470375061/0.7690932750701904/,2.0,2/,0.0007810592651367188
0.00923069566488266/0.08252996951341629/0.9082393050193787/,0.00923069566488266/0.08252996951341629/0.9082393050193787/,2.0,2/,0.0008981227874755859
0.03269122540950775/0.44404369592666626/0.5232650637626648/,0.03269122540950775/0.44404369592666626/0.5232650637626648/,0.0,2/,0.0013089179992675781
0.06106610596179962/0.22401313483715057/0.714920699596405/,0.06106610596179962/0.22401313483715057/0.714920699596405/,0.0,2/,0.0006248950958251953
0.1439194530248642/0.21410633623600006/0.6419742107391357/,0.1439194530248642/0.21410633623600006/0.6419742107391357/,0.0,2/,0.0007150173187255859
0.08015641570091248/0.06420152634382248/0.8556420803070068/,0.08015641570091248/0.06420152634382248/0.8556420803070068/,0.0,2/,0.0007958412170410156
0.01548103615641594/0.18708071112632751/0.7974382638931274/,0.01548103615641594/0.18708071112632751/0.7974382638931274/,0.0,2/,0.0008287429809570312
0.2820514738559723/0.5301001667976379/0.1878483146429062/,0.2820514738559723/0.5301001667976379/0.1878483146429062/,1.0,1/,0.0005640983581542969
0.044352564960718155/0.3139253556728363/0.6417220234870911/,0.044352564960718155/0.3139253556728363/0.6417220234870911/,1.0,2/,0.0006859302520751953
0.11432790756225586/0.26849365234375/0.6171784400939941/,0.11432790756225586/0.26849365234375/0.6171784400939941/,1.0,2/,0.0007529258728027344
0.022354060783982277/0.22059857845306396/0.7570473551750183/,0.022354060783982277/0.22059857845306396/0.7570473551750183/,1.0,2/,0.0008561611175537109
0.02168586105108261/0.5664849281311035/0.4118292033672333/,0.02168586105108261/0.5664849281311035/0.4118292033672333/,1.0,1/,0.0009889602661132812
0.02828693576157093/0.2902461588382721/0.6814668774604797/,0.02828693576157093/0.2902461588382721/0.6814668774604797/,2.0,2/,0.0005462169647216797
0.033765994012355804/0.4140753448009491/0.5521585941314697/,0.033765994012355804/0.4140753448009491/0.5521585941314697/,2.0,2/,0.0006792545318603516
0.05421175807714462/0.1886197328567505/0.7571685314178467/,0.05421175807714462/0.1886197328567505/0.7571685314178467/,2.0,2/,0.0009109973907470703
0.053550560027360916/0.14962138235569/0.796828031539917/,0.053550560027360916/0.14962138235569/0.796828031539917/,2.0,2/,0.0009398460388183594
0.013420730829238892/0.36563825607299805/0.6209409832954407/,0.013420730829238892/0.36563825607299805/0.6209409832954407/,2.0,2/,0.0010402202606201172
0.0312435831874609/0.2412603497505188/0.7274961471557617/,0.0312435831874609/0.2412603497505188/0.7274961471557617/,0.0,2/,0.0005409717559814453
0.11213921755552292/0.32514503598213196/0.5627157688140869/,0.11213921755552292/0.32514503598213196/0.5627157688140869/,0.0,2/,0.0005970001220703125
0.22787532210350037/0.19669951498508453/0.5754251480102539/,0.22787532210350037/0.19669951498508453/0.5754251480102539/,0.0,2/,0.0006608963012695312
0.3561606705188751/0.24750201404094696/0.39633724093437195/,0.3561606705188751/0.24750201404094696/0.39633724093437195/,0.0,2/,0.0006952285766601562
0.4548055827617645/0.29145506024360657/0.2537393867969513/,0.4548055827617645/0.29145506024360657/0.2537393867969513/,0.0,0/,0.0008289813995361328
0.03639167547225952/0.24561065435409546/0.717997670173645/,0.03639167547225952/0.24561065435409546/0.717997670173645/,1.0,2/,0.0009326934814453125
0.3164600431919098/0.24842654168605804/0.4351133704185486/,0.3164600431919098/0.24842654168605804/0.4351133704185486/,1.0,2/,0.0006651878356933594
0.5141594409942627/0.16329962015151978/0.3225409686565399/,0.5141594409942627/0.16329962015151978/0.3225409686565399/,1.0,0/,0.0009407997131347656
0.13388152420520782/0.3256673812866211/0.5404510498046875/,0.13388152420520782/0.3256673812866211/0.5404510498046875/,1.0,2/,0.0010051727294921875
0.02851242572069168/0.4638707935810089/0.5076166987419128/,0.02851242572069168/0.4638707935810089/0.5076166987419128/,1.0,2/,0.001188039779663086
0.0744904950261116/0.37508249282836914/0.5504269599914551/,0.0744904950261116/0.37508249282836914/0.5504269599914551/,2.0,2/,0.0006108283996582031
0.1114797294139862/0.3334076404571533/0.5551126003265381/,0.1114797294139862/0.3334076404571533/0.5551126003265381/,2.0,2/,0.0006878376007080078
0.8015305399894714/0.0879066213965416/0.11056281626224518/,0.8015305399894714/0.0879066213965416/0.11056281626224518/,2.0,0/,0.0007841587066650391
0.41431036591529846/0.2185872346162796/0.3671024739742279/,0.41431036591529846/0.2185872346162796/0.3671024739742279/,2.0,0/,0.0008132457733154297
0.16015635430812836/0.4540237486362457/0.3858199119567871/,0.16015635430812836/0.4540237486362457/0.3858199119567871/,2.0,1/,0.0008988380432128906
0.1913335621356964/0.34126681089401245/0.4673996865749359/,0.1913335621356964/0.34126681089401245/0.4673996865749359/,0.0,2/,0.0005698204040527344
0.09080272912979126/0.3423527777194977/0.5668444633483887/,0.09080272912979126/0.3423527777194977/0.5668444633483887/,0.0,2/,0.0012619495391845703
0.06966018676757812/0.5418605208396912/0.38847920298576355/,0.06966018676757812/0.5418605208396912/0.38847920298576355/,0.0,1/,0.0007290840148925781
0.6080798506736755/0.16221582889556885/0.2297043651342392/,0.6080798506736755/0.16221582889556885/0.2297043651342392/,0.0,0/,0.0007600784301757812
0.8693438172340393/0.08395196497440338/0.04670420661568642/,0.8693438172340393/0.08395196497440338/0.04670420661568642/,0.0,0/,0.001232147216796875
0.12476351112127304/0.31137093901634216/0.5638655424118042/,0.12476351112127304/0.31137093901634216/0.5638655424118042/,1.0,2/,0.0006799697875976562
0.10577067732810974/0.20427526533603668/0.6899541020393372/,0.10577067732810974/0.20427526533603668/0.6899541020393372/,1.0,2/,0.0007150173187255859
0.08140231668949127/0.22624996304512024/0.6923477053642273/,0.08140231668949127/0.22624996304512024/0.6923477053642273/,1.0,2/,0.0006999969482421875
0.16549329459667206/0.30213525891304016/0.532371461391449/,0.16549329459667206/0.30213525891304016/0.532371461391449/,1.0,2/,0.0008440017700195312
0.28579142689704895/0.28392836451530457/0.4302801787853241/,0.28579142689704895/0.28392836451530457/0.4302801787853241/,1.0,2/,0.0009710788726806641
0.1968885064125061/0.3548775315284729/0.44823402166366577/,0.1968885064125061/0.3548775315284729/0.44823402166366577/,2.0,2/,0.0005857944488525391
0.2258789837360382/0.2927146852016449/0.48140624165534973/,0.2258789837360382/0.2927146852016449/0.48140624165534973/,2.0,2/,0.0006678104400634766
0.04815414547920227/0.23065589368343353/0.7211899757385254/,0.04815414547920227/0.23065589368343353/0.7211899757385254/,2.0,2/,0.0007958412170410156
0.025274494662880898/0.18598203361034393/0.7887434959411621/,0.025274494662880898/0.18598203361034393/0.7887434959411621/,2.0,2/,0.0007522106170654297
0.027120595797896385/0.2670745849609375/0.7058048844337463/,0.027120595797896385/0.2670745849609375/0.7058048844337463/,2.0,2/,0.0008950233459472656
0.1765485405921936/0.1917046457529068/0.6317468285560608/,0.1765485405921936/0.1917046457529068/0.6317468285560608/,0.0,2/,0.0005061626434326172
0.6229631900787354/0.14671990275382996/0.23031684756278992/,0.6229631900787354/0.14671990275382996/0.23031684756278992/,0.0,0/,0.0005819797515869141
0.23826481401920319/0.40177056193351746/0.3599645793437958/,0.23826481401920319/0.40177056193351746/0.3599645793437958/,0.0,1/,0.0007112026214599609
0.3278752565383911/0.3772161900997162/0.2949086129665375/,0.3278752565383911/0.3772161900997162/0.2949086129665375/,0.0,1/,0.0010979175567626953
0.5571616291999817/0.24045412242412567/0.20238424837589264/,0.5571616291999817/0.24045412242412567/0.20238424837589264/,0.0,0/,0.0009100437164306641
0.06155325099825859/0.14248529076576233/0.7959614396095276/,0.06155325099825859/0.14248529076576233/0.7959614396095276/,1.0,2/,0.0006279945373535156
0.07912072539329529/0.10455655306577682/0.8163226842880249/,0.07912072539329529/0.10455655306577682/0.8163226842880249/,1.0,2/,0.0007190704345703125
0.09792415052652359/0.1796460747718811/0.7224298119544983/,0.09792415052652359/0.1796460747718811/0.7224298119544983/,1.0,2/,0.0007641315460205078
0.07784565538167953/0.27275189757347107/0.6494024395942688/,0.07784565538167953/0.27275189757347107/0.6494024395942688/,1.0,2/,0.0008711814880371094
0.08600024878978729/0.3181002140045166/0.5958995819091797/,0.08600024878978729/0.3181002140045166/0.5958995819091797/,1.0,2/,0.0014691352844238281
0.07551218569278717/0.19867999851703644/0.725807785987854/,0.07551218569278717/0.19867999851703644/0.725807785987854/,2.0,2/,0.0013310909271240234
0.0472479872405529/0.30791163444519043/0.64484041929245/,0.0472479872405529/0.30791163444519043/0.64484041929245/,2.0,2/,0.0012750625610351562
0.048760607838630676/0.06042323261499405/0.8908161520957947/,0.048760607838630676/0.06042323261499405/0.8908161520957947/,2.0,2/,0.001703023910522461
0.12283264845609665/0.13383251428604126/0.7433348298072815/,0.12283264845609665/0.13383251428604126/0.7433348298072815/,2.0,2/,0.0023670196533203125
0.02365478128194809/0.1699810028076172/0.8063642382621765/,0.02365478128194809/0.1699810028076172/0.8063642382621765/,2.0,2/,0.001538991928100586
0.12884734570980072/0.4620596468448639/0.4090929925441742/,0.12884734570980072/0.4620596468448639/0.4090929925441742/,0.0,1/,0.0005450248718261719
0.16327205300331116/0.18092314898967743/0.6558047533035278/,0.16327205300331116/0.18092314898967743/0.6558047533035278/,0.0,2/,0.0006337165832519531
0.2902660071849823/0.19423986971378326/0.5154941082000732/,0.2902660071849823/0.19423986971378326/0.5154941082000732/,0.0,2/,0.0007669925689697266
0.4843340814113617/0.34195801615715027/0.17370787262916565/,0.4843340814113617/0.34195801615715027/0.17370787262916565/,0.0,0/,0.0013148784637451172
0.7940838932991028/0.16234159469604492/0.043574534356594086/,0.7940838932991028/0.16234159469604492/0.043574534356594086/,0.0,0/,0.0010950565338134766
0.060203149914741516/0.3526451587677002/0.5871517062187195/,0.060203149914741516/0.3526451587677002/0.5871517062187195/,1.0,2/,0.0005292892456054688
0.07122105360031128/0.2850485146045685/0.6437304615974426/,0.07122105360031128/0.2850485146045685/0.6437304615974426/,1.0,2/,0.0006041526794433594
0.11861035972833633/0.28980886936187744/0.5915807485580444/,0.11861035972833633/0.28980886936187744/0.5915807485580444/,1.0,2/,0.0006537437438964844
0.14343729615211487/0.2586241066455841/0.5979385375976562/,0.14343729615211487/0.2586241066455841/0.5979385375976562/,1.0,2/,0.0007109642028808594
0.24045781791210175/0.3267437517642975/0.4327984154224396/,0.24045781791210175/0.3267437517642975/0.4327984154224396/,1.0,2/,0.0007717609405517578
0.10271193087100983/0.33486804366111755/0.5624200701713562/,0.10271193087100983/0.33486804366111755/0.5624200701713562/,2.0,2/,0.0006022453308105469
0.07749490439891815/0.3013526499271393/0.6211524605751038/,0.07749490439891815/0.3013526499271393/0.6211524605751038/,2.0,2/,0.0010781288146972656
0.3547663688659668/0.08757045120000839/0.5576632618904114/,0.3547663688659668/0.08757045120000839/0.5576632618904114/,2.0,2/,0.000782012939453125
0.10399899631738663/0.2524649500846863/0.6435360312461853/,0.10399899631738663/0.2524649500846863/0.6435360312461853/,2.0,2/,0.000904083251953125
0.5408352613449097/0.3462475836277008/0.11291714757680893/,0.5408352613449097/0.3462475836277008/0.11291714757680893/,2.0,0/,0.0016739368438720703
0.1385170966386795/0.5472830533981323/0.314199835062027/,0.1385170966386795/0.5472830533981323/0.314199835062027/,0.0,1/,0.0004899501800537109
0.14909574389457703/0.708404004573822/0.14250025153160095/,0.14909574389457703/0.708404004573822/0.14250025153160095/,0.0,1/,0.0007379055023193359
0.4820590913295746/0.4339838922023773/0.08395703881978989/,0.4820590913295746/0.4339838922023773/0.08395703881978989/,0.0,0/,0.0007238388061523438
0.8863440155982971/0.10277020186185837/0.010885780677199364/,0.8863440155982971/0.10277020186185837/0.010885780677199364/,0.0,0/,0.0008282661437988281
0.9401308298110962/0.05412006378173828/0.005749096628278494/,0.9401308298110962/0.05412006378173828/0.005749096628278494/,0.0,0/,0.0008628368377685547
0.05893290787935257/0.3780788779258728/0.5629882216453552/,0.05893290787935257/0.3780788779258728/0.5629882216453552/,1.0,2/,0.0005900859832763672
0.16217577457427979/0.267414391040802/0.5704097747802734/,0.16217577457427979/0.267414391040802/0.5704097747802734/,1.0,2/,0.0006229877471923828
0.18502183258533478/0.1952752321958542/0.619702935218811/,0.18502183258533478/0.1952752321958542/0.619702935218811/,1.0,2/,0.0007150173187255859
0.13984820246696472/0.2061740905046463/0.653977632522583/,0.13984820246696472/0.2061740905046463/0.653977632522583/,1.0,2/,0.0008008480072021484
0.042314935475587845/0.7060674428939819/0.2516176104545593/,0.042314935475587845/0.7060674428939819/0.2516176104545593/,1.0,1/,0.0009069442749023438
0.40684840083122253/0.2869032621383667/0.3062483072280884/,0.40684840083122253/0.2869032621383667/0.3062483072280884/,2.0,0/,0.0005259513854980469
0.07303755730390549/0.12456197291612625/0.8024004697799683/,0.07303755730390549/0.12456197291612625/0.8024004697799683/,2.0,2/,0.0006036758422851562
0.014401002787053585/0.06080298125743866/0.9247959852218628/,0.014401002787053585/0.06080298125743866/0.9247959852218628/,2.0,2/,0.0006971359252929688
0.056265246123075485/0.020882686600089073/0.9228520393371582/,0.056265246123075485/0.020882686600089073/0.9228520393371582/,2.0,2/,0.0007641315460205078
0.014319315552711487/0.05006767436861992/0.9356130361557007/,0.014319315552711487/0.05006767436861992/0.9356130361557007/,2.0,2/,0.0009779930114746094
0.07884393632411957/0.2590261399745941/0.6621299982070923/,0.07884393632411957/0.2590261399745941/0.6621299982070923/,0.0,2/,0.0005590915679931641
0.4223484992980957/0.3089670240879059/0.2686844766139984/,0.4223484992980957/0.3089670240879059/0.2686844766139984/,0.0,0/,0.0007240772247314453
0.48599764704704285/0.20057526230812073/0.3134271204471588/,0.48599764704704285/0.20057526230812073/0.3134271204471588/,0.0,0/,0.0013298988342285156
0.5200177431106567/0.19833187758922577/0.2816503942012787/,0.5200177431106567/0.19833187758922577/0.2816503942012787/,0.0,0/,0.0007801055908203125
0.8828723430633545/0.08370645344257355/0.03342118486762047/,0.8828723430633545/0.08370645344257355/0.03342118486762047/,0.0,0/,0.0009462833404541016
0.12776808440685272/0.3402915596961975/0.5319403409957886/,0.12776808440685272/0.3402915596961975/0.5319403409957886/,1.0,2/,0.0005159378051757812
0.2617555558681488/0.26717662811279297/0.47106775641441345/,0.2617555558681488/0.26717662811279297/0.47106775641441345/,1.0,2/,0.0007097721099853516
0.41720789670944214/0.24924522638320923/0.33354684710502625/,0.41720789670944214/0.24924522638320923/0.33354684710502625/,1.0,0/,0.0007688999176025391
0.42841240763664246/0.31081512570381165/0.2607724666595459/,0.42841240763664246/0.31081512570381165/0.2607724666595459/,1.0,0/,0.0008151531219482422
0.09417887032032013/0.3874644935131073/0.5183566808700562/,0.09417887032032013/0.3874644935131073/0.5183566808700562/,1.0,2/,0.0009028911590576172
0.07319296151399612/0.2012089341878891/0.7255980372428894/,0.07319296151399612/0.2012089341878891/0.7255980372428894/,2.0,2/,0.0005729198455810547
0.06011798977851868/0.21342693269252777/0.7264550924301147/,0.06011798977851868/0.21342693269252777/0.7264550924301147/,2.0,2/,0.0006289482116699219
0.36270198225975037/0.21217457950115204/0.4251234531402588/,0.36270198225975037/0.21217457950115204/0.4251234531402588/,2.0,2/,0.0006721019744873047
0.2562580108642578/0.2141246497631073/0.529617428779602/,0.2562580108642578/0.2141246497631073/0.529617428779602/,2.0,2/,0.0007650852203369141
0.05213990807533264/0.33987393975257874/0.6079862117767334/,0.05213990807533264/0.33987393975257874/0.6079862117767334/,2.0,2/,0.0009441375732421875
0.1474345177412033/0.4020461142063141/0.4505193829536438/,0.1474345177412033/0.4020461142063141/0.4505193829536438/,0.0,2/,0.0007789134979248047
0.49041232466697693/0.2885254919528961/0.22106215357780457/,0.49041232466697693/0.2885254919528961/0.22106215357780457/,0.0,0/,0.0006020069122314453
0.5862895846366882/0.11077648401260376/0.302933931350708/,0.5862895846366882/0.11077648401260376/0.302933931350708/,0.0,0/,0.0006680488586425781
0.6500326991081238/0.18164396286010742/0.16832329332828522/,0.6500326991081238/0.18164396286010742/0.16832329332828522/,0.0,0/,0.0008280277252197266
0.8958680033683777/0.07181385159492493/0.03231808915734291/,0.8958680033683777/0.07181385159492493/0.03231808915734291/,0.0,0/,0.0010428428649902344
0.14461597800254822/0.3259415328502655/0.529442548751831/,0.14461597800254822/0.3259415328502655/0.529442548751831/,1.0,2/,0.0005829334259033203
0.47326719760894775/0.2910706102848053/0.23566219210624695/,0.47326719760894775/0.2910706102848053/0.23566219210624695/,1.0,0/,0.0006301403045654297
0.510064423084259/0.23823831975460052/0.25169727206230164/,0.510064423084259/0.23823831975460052/0.25169727206230164/,1.0,0/,0.0007100105285644531
0.44788530468940735/0.35126903653144836/0.2008456289768219/,0.44788530468940735/0.35126903653144836/0.2008456289768219/,1.0,0/,0.0007302761077880859
0.6447705626487732/0.25567352771759033/0.09955592453479767/,0.6447705626487732/0.25567352771759033/0.09955592453479767/,1.0,0/,0.0009930133819580078
0.3916580080986023/0.2630491256713867/0.3452928960323334/,0.3916580080986023/0.2630491256713867/0.3452928960323334/,2.0,0/,0.0006620883941650391
0.5857980251312256/0.25033867359161377/0.16386324167251587/,0.5857980251312256/0.25033867359161377/0.16386324167251587/,2.0,0/,0.0005500316619873047
0.2272503823041916/0.1802344173192978/0.5925151705741882/,0.2272503823041916/0.1802344173192978/0.5925151705741882/,2.0,2/,0.000705718994140625
0.12273260205984116/0.21935173869132996/0.6579157114028931/,0.12273260205984116/0.21935173869132996/0.6579157114028931/,2.0,2/,0.0007100105285644531
0.04260440915822983/0.3848154544830322/0.572580099105835/,0.04260440915822983/0.3848154544830322/0.572580099105835/,2.0,2/,0.0007991790771484375
0.10583285242319107/0.3158051371574402/0.5783620476722717/,0.10583285242319107/0.3158051371574402/0.5783620476722717/,0.0,2/,0.0005042552947998047
0.04198836907744408/0.6833527088165283/0.2746589779853821/,0.04198836907744408/0.6833527088165283/0.2746589779853821/,0.0,1/,0.0006730556488037109
0.5003286600112915/0.22837358713150024/0.27129775285720825/,0.5003286600112915/0.22837358713150024/0.27129775285720825/,0.0,0/,0.0013928413391113281
0.482843816280365/0.12690453231334686/0.39025169610977173/,0.482843816280365/0.12690453231334686/0.39025169610977173/,0.0,0/,0.0009090900421142578
0.5619333386421204/0.2854134440422058/0.15265320241451263/,0.5619333386421204/0.2854134440422058/0.15265320241451263/,0.0,0/,0.0010187625885009766
0.3778453469276428/0.34733083844184875/0.2748238444328308/,0.3778453469276428/0.34733083844184875/0.2748238444328308/,1.0,0/,0.0005600452423095703
0.3735453486442566/0.47593507170677185/0.15051953494548798/,0.3735453486442566/0.47593507170677185/0.15051953494548798/,1.0,1/,0.000659942626953125
0.5773362517356873/0.3305438458919525/0.09211991727352142/,0.5773362517356873/0.3305438458919525/0.09211991727352142/,1.0,0/,0.0007178783416748047
0.7019029855728149/0.1503814160823822/0.14771556854248047/,0.7019029855728149/0.1503814160823822/0.14771556854248047/,1.0,0/,0.0008068084716796875
0.42375168204307556/0.4219144880771637/0.15433380007743835/,0.42375168204307556/0.4219144880771637/0.15433380007743835/,1.0,0/,0.0009028911590576172
0.07774651795625687/0.2047784924507141/0.7174749374389648/,0.07774651795625687/0.2047784924507141/0.7174749374389648/,2.0,2/,0.0006301403045654297
0.19436009228229523/0.29526495933532715/0.510374903678894/,0.19436009228229523/0.29526495933532715/0.510374903678894/,2.0,2/,0.00061798095703125
0.6877690553665161/0.15638476610183716/0.15584614872932434/,0.6877690553665161/0.15638476610183716/0.15584614872932434/,2.0,0/,0.0006866455078125
0.5175064206123352/0.15470996499061584/0.32778364419937134/,0.5175064206123352/0.15470996499061584/0.32778364419937134/,2.0,0/,0.0007452964782714844
0.4505769908428192/0.23336729407310486/0.3160557150840759/,0.4505769908428192/0.23336729407310486/0.3160557150840759/,2.0,0/,0.0007848739624023438
0.15745709836483002/0.4263007342815399/0.41624218225479126/,0.15745709836483002/0.4263007342815399/0.41624218225479126/,0.0,1/,0.0013680458068847656
0.33983784914016724/0.3941817879676819/0.26598039269447327/,0.33983784914016724/0.3941817879676819/0.26598039269447327/,0.0,1/,0.0006639957427978516
0.4173372983932495/0.3694859445095062/0.21317681670188904/,0.4173372983932495/0.3694859445095062/0.21317681670188904/,0.0,0/,0.0008797645568847656
0.39896824955940247/0.407322496175766/0.19370928406715393/,0.39896824955940247/0.407322496175766/0.19370928406715393/,0.0,1/,0.0014719963073730469
0.3680301308631897/0.3739975392818451/0.2579723298549652/,0.3680301308631897/0.3739975392818451/0.2579723298549652/,0.0,1/,0.0015761852264404297
0.06746981292963028/0.2883654534816742/0.6441647410392761/,0.06746981292963028/0.2883654534816742/0.6441647410392761/,1.0,2/,0.0013949871063232422
0.019998129457235336/0.15810929238796234/0.8218925595283508/,0.019998129457235336/0.15810929238796234/0.8218925595283508/,1.0,2/,0.0015301704406738281
0.1533103585243225/0.15640878677368164/0.6902808547019958/,0.1533103585243225/0.15640878677368164/0.6902808547019958/,1.0,2/,0.0014748573303222656
0.10098186135292053/0.12471823394298553/0.7742999196052551/,0.10098186135292053/0.12471823394298553/0.7742999196052551/,1.0,2/,0.0018701553344726562
0.018590733408927917/0.2605922818183899/0.720816969871521/,0.018590733408927917/0.2605922818183899/0.720816969871521/,1.0,2/,0.0019991397857666016
0.29912564158439636/0.33142682909965515/0.3694474697113037/,0.29912564158439636/0.33142682909965515/0.3694474697113037/,2.0,2/,0.0009479522705078125
0.5794946551322937/0.22576431930065155/0.19474108517169952/,0.5794946551322937/0.22576431930065155/0.19474108517169952/,2.0,0/,0.0013110637664794922
0.37901923060417175/0.26750853657722473/0.3534722626209259/,0.37901923060417175/0.26750853657722473/0.3534722626209259/,2.0,0/,0.0009281635284423828
0.45294898748397827/0.4688478112220764/0.07820317894220352/,0.45294898748397827/0.4688478112220764/0.07820317894220352/,2.0,1/,0.0013060569763183594
0.036259036511182785/0.7693363428115845/0.1944046914577484/,0.036259036511182785/0.7693363428115845/0.1944046914577484/,2.0,1/,0.001371145248413086
0.04744492098689079/0.25811129808425903/0.6944437623023987/,0.04744492098689079/0.25811129808425903/0.6944437623023987/,0.0,2/,0.0013148784637451172
0.050625212490558624/0.44962337613105774/0.49975132942199707/,0.050625212490558624/0.44962337613105774/0.49975132942199707/,0.0,2/,0.0010190010070800781
0.23068013787269592/0.38977694511413574/0.37954288721084595/,0.23068013787269592/0.38977694511413574/0.37954288721084595/,0.0,1/,0.0006628036499023438
0.12572422623634338/0.6674287915229797/0.20684707164764404/,0.12572422623634338/0.6674287915229797/0.20684707164764404/,0.0,1/,0.0008211135864257812
0.8850370645523071/0.11140688508749008/0.003555981907993555/,0.8850370645523071/0.11140688508749008/0.003555981907993555/,0.0,0/,0.0011739730834960938
0.037954751402139664/0.2569279372692108/0.7051172852516174/,0.037954751402139664/0.2569279372692108/0.7051172852516174/,1.0,2/,0.0005879402160644531
0.04575146734714508/0.18445250391960144/0.7697960138320923/,0.04575146734714508/0.18445250391960144/0.7697960138320923/,1.0,2/,0.0006110668182373047
0.6008327603340149/0.1645440310239792/0.23462316393852234/,0.6008327603340149/0.1645440310239792/0.23462316393852234/,1.0,0/,0.0006949901580810547
0.7695982456207275/0.12373072654008865/0.10667099803686142/,0.7695982456207275/0.12373072654008865/0.10667099803686142/,1.0,0/,0.0007660388946533203
0.2148631513118744/0.6585205793380737/0.12661626935005188/,0.2148631513118744/0.6585205793380737/0.12661626935005188/,1.0,1/,0.0011551380157470703
0.028718406334519386/0.2925093173980713/0.6787722110748291/,0.028718406334519386/0.2925093173980713/0.6787722110748291/,2.0,2/,0.0006921291351318359
0.04561465233564377/0.2865596413612366/0.6678256988525391/,0.04561465233564377/0.2865596413612366/0.6678256988525391/,2.0,2/,0.0005970001220703125
0.28496286273002625/0.17429637908935547/0.5407407283782959/,0.28496286273002625/0.17429637908935547/0.5407407283782959/,2.0,2/,0.0007266998291015625
0.05809689685702324/0.261551171541214/0.6803518533706665/,0.05809689685702324/0.261551171541214/0.6803518533706665/,2.0,2/,0.0008289813995361328
0.0681803748011589/0.5535848736763/0.37823471426963806/,0.0681803748011589/0.5535848736763/0.37823471426963806/,2.0,1/,0.0015380382537841797
0.09984081238508224/0.4931328594684601/0.4070262610912323/,0.09984081238508224/0.4931328594684601/0.4070262610912323/,0.0,1/,0.0006711483001708984
0.027069436386227608/0.26065313816070557/0.7122774124145508/,0.027069436386227608/0.26065313816070557/0.7122774124145508/,0.0,2/,0.000675201416015625
0.05933656543493271/0.07416229695081711/0.8665011525154114/,0.05933656543493271/0.07416229695081711/0.8665011525154114/,0.0,2/,0.0011429786682128906
0.14673461019992828/0.17508582770824432/0.6781795620918274/,0.14673461019992828/0.17508582770824432/0.6781795620918274/,0.0,2/,0.001336812973022461
0.4902166426181793/0.3579002916812897/0.15188299119472504/,0.4902166426181793/0.3579002916812897/0.15188299119472504/,0.0,0/,0.0016968250274658203
0.047321535646915436/0.21866744756698608/0.7340109944343567/,0.047321535646915436/0.21866744756698608/0.7340109944343567/,1.0,2/,0.0005540847778320312
0.10069189965724945/0.051348935812711716/0.8479591608047485/,0.10069189965724945/0.051348935812711716/0.8479591608047485/,1.0,2/,0.0006201267242431641
0.05934984236955643/0.07275374978780746/0.8678964376449585/,0.05934984236955643/0.07275374978780746/0.8678964376449585/,1.0,2/,0.0006909370422363281
0.09731796383857727/0.217411071062088/0.6852709650993347/,0.09731796383857727/0.217411071062088/0.6852709650993347/,1.0,2/,0.0009217262268066406
0.05512172728776932/0.38462331891059875/0.5602549910545349/,0.05512172728776932/0.38462331891059875/0.5602549910545349/,1.0,2/,0.0007817745208740234
0.025768637657165527/0.361371785402298/0.6128596067428589/,0.025768637657165527/0.361371785402298/0.6128596067428589/,2.0,2/,0.0003838539123535156
0.0274744164198637/0.3123362064361572/0.6601893901824951/,0.0274744164198637/0.3123362064361572/0.6601893901824951/,2.0,2/,0.00042319297790527344
0.2754341661930084/0.09943974763154984/0.6251261234283447/,0.2754341661930084/0.09943974763154984/0.6251261234283447/,2.0,2/,0.0009107589721679688
0.2889956533908844/0.05475633591413498/0.6562479734420776/,0.2889956533908844/0.05475633591413498/0.6562479734420776/,2.0,2/,0.0007989406585693359
0.360053151845932/0.26655495166778564/0.37339192628860474/,0.360053151845932/0.26655495166778564/0.37339192628860474/,2.0,2/,0.0012679100036621094
0.20716816186904907/0.3425682485103607/0.450263649225235/,0.20716816186904907/0.3425682485103607/0.450263649225235/,0.0,2/,0.0005109310150146484
0.6735671162605286/0.11075763404369354/0.21567530930042267/,0.6735671162605286/0.11075763404369354/0.21567530930042267/,0.0,0/,0.0005650520324707031
0.38895127177238464/0.23144347965717316/0.379605233669281/,0.38895127177238464/0.23144347965717316/0.379605233669281/,0.0,0/,0.0007228851318359375
0.47455042600631714/0.24948300421237946/0.275966614484787/,0.47455042600631714/0.24948300421237946/0.275966614484787/,0.0,0/,0.0008189678192138672
0.9222768545150757/0.06720402836799622/0.010519159957766533/,0.9222768545150757/0.06720402836799622/0.010519159957766533/,0.0,0/,0.0008568763732910156
0.26925525069236755/0.3020271956920624/0.4287175238132477/,0.26925525069236755/0.3020271956920624/0.4287175238132477/,1.0,2/,0.0006248950958251953
0.1405237764120102/0.3259347677230835/0.5335414409637451/,0.1405237764120102/0.3259347677230835/0.5335414409637451/,1.0,2/,0.0007228851318359375
0.5479032397270203/0.18535685539245605/0.26673996448516846/,0.5479032397270203/0.18535685539245605/0.26673996448516846/,1.0,0/,0.0006940364837646484
0.5445056557655334/0.2192479372024536/0.2362464815378189/,0.5445056557655334/0.2192479372024536/0.2362464815378189/,1.0,0/,0.0008137226104736328
0.4499112665653229/0.3377406597137451/0.2123480588197708/,0.4499112665653229/0.3377406597137451/0.2123480588197708/,1.0,0/,0.0009489059448242188
0.23175881803035736/0.31236690282821655/0.4558742642402649/,0.23175881803035736/0.31236690282821655/0.4558742642402649/,2.0,2/,0.000518798828125
0.22770118713378906/0.2967471778392792/0.47555169463157654/,0.22770118713378906/0.2967471778392792/0.47555169463157654/,2.0,2/,0.0006430149078369141
0.3106425404548645/0.28288784623146057/0.4064696133136749/,0.3106425404548645/0.28288784623146057/0.4064696133136749/,2.0,2/,0.0008058547973632812
0.4181258976459503/0.17950430512428284/0.40236979722976685/,0.4181258976459503/0.17950430512428284/0.40236979722976685/,2.0,0/,0.0008420944213867188
0.20237520337104797/0.5423468351364136/0.2552778720855713/,0.20237520337104797/0.5423468351364136/0.2552778720855713/,2.0,1/,0.0014309883117675781
0.4275764226913452/0.2786586880683899/0.2937648594379425/,0.4275764226913452/0.2786586880683899/0.2937648594379425/,0.0,0/,0.0005669593811035156
0.5610688924789429/0.22109565138816833/0.2178354114294052/,0.5610688924789429/0.22109565138816833/0.2178354114294052/,0.0,0/,0.0006859302520751953
0.4304216504096985/0.2262778878211975/0.343300461769104/,0.4304216504096985/0.2262778878211975/0.343300461769104/,0.0,0/,0.0007300376892089844
0.41228634119033813/0.21219785511493683/0.37551581859588623/,0.41228634119033813/0.21219785511493683/0.37551581859588623/,0.0,0/,0.0011332035064697266
0.5234463810920715/0.3834990859031677/0.09305449575185776/,0.5234463810920715/0.3834990859031677/0.09305449575185776/,0.0,0/,0.0013508796691894531
0.14252538979053497/0.3139222264289856/0.5435523986816406/,0.14252538979053497/0.3139222264289856/0.5435523986816406/,1.0,2/,0.0005888938903808594
0.21713106334209442/0.3041812777519226/0.47868767380714417/,0.21713106334209442/0.3041812777519226/0.47868767380714417/,1.0,2/,0.00102996826171875
0.25841978192329407/0.16878290474414825/0.5727972984313965/,0.25841978192329407/0.16878290474414825/0.5727972984313965/,1.0,2/,0.0012538433074951172
0.2838495373725891/0.21838852763175964/0.4977620244026184/,0.2838495373725891/0.21838852763175964/0.4977620244026184/,1.0,2/,0.0008440017700195312
0.11613412201404572/0.3513711392879486/0.5324947834014893/,0.11613412201404572/0.3513711392879486/0.5324947834014893/,1.0,2/,0.0009219646453857422
0.13043159246444702/0.22323012351989746/0.6463382244110107/,0.13043159246444702/0.22323012351989746/0.6463382244110107/,2.0,2/,0.0005562305450439453
0.20953017473220825/0.23886319994926453/0.5516065955162048/,0.20953017473220825/0.23886319994926453/0.5516065955162048/,2.0,2/,0.0008580684661865234
0.2551511228084564/0.17535321414470673/0.569495677947998/,0.2551511228084564/0.17535321414470673/0.569495677947998/,2.0,2/,0.0010917186737060547
0.17743495106697083/0.1428418755531311/0.6797232031822205/,0.17743495106697083/0.1428418755531311/0.6797232031822205/,2.0,2/,0.0012390613555908203
0.0778278335928917/0.13871599733829498/0.7834562063217163/,0.0778278335928917/0.13871599733829498/0.7834562063217163/,2.0,2/,0.0013630390167236328
0.07761408388614655/0.3175598978996277/0.604826033115387/,0.07761408388614655/0.3175598978996277/0.604826033115387/,0.0,2/,0.0005190372467041016
0.1613011658191681/0.24168023467063904/0.5970186591148376/,0.1613011658191681/0.24168023467063904/0.5970186591148376/,0.0,2/,0.0006239414215087891
0.34165894985198975/0.1660822033882141/0.49225881695747375/,0.34165894985198975/0.1660822033882141/0.49225881695747375/,0.0,2/,0.0008161067962646484
0.3265744745731354/0.17910149693489075/0.49432405829429626/,0.3265744745731354/0.17910149693489075/0.49432405829429626/,0.0,2/,0.0007920265197753906
0.668678879737854/0.1753981113433838/0.155922994017601/,0.668678879737854/0.1753981113433838/0.155922994017601/,0.0,0/,0.0008711814880371094
0.037104520946741104/0.2131762057542801/0.7497192621231079/,0.037104520946741104/0.2131762057542801/0.7497192621231079/,1.0,2/,0.0005640983581542969
0.28273117542266846/0.10358300060033798/0.6136858463287354/,0.28273117542266846/0.10358300060033798/0.6136858463287354/,1.0,2/,0.0006382465362548828
0.18022122979164124/0.06975357234477997/0.7500252723693848/,0.18022122979164124/0.06975357234477997/0.7500252723693848/,1.0,2/,0.0011239051818847656
0.202107772231102/0.2224906086921692/0.5754016637802124/,0.202107772231102/0.2224906086921692/0.5754016637802124/,1.0,2/,0.0009448528289794922
0.05598866567015648/0.4591134488582611/0.48489782214164734/,0.05598866567015648/0.4591134488582611/0.48489782214164734/,1.0,2/,0.0008509159088134766
0.05564210191369057/0.29305264353752136/0.6513051986694336/,0.05564210191369057/0.29305264353752136/0.6513051986694336/,2.0,2/,0.0004820823669433594
0.09479424357414246/0.12881021201610565/0.7763955593109131/,0.09479424357414246/0.12881021201610565/0.7763955593109131/,2.0,2/,0.0006759166717529297
0.1988268792629242/0.06137954443693161/0.7397935390472412/,0.1988268792629242/0.06137954443693161/0.7397935390472412/,2.0,2/,0.0011568069458007812
0.08245573937892914/0.10291174799203873/0.8146324753761292/,0.08245573937892914/0.10291174799203873/0.8146324753761292/,2.0,2/,0.001714944839477539
0.030116811394691467/0.134649857878685/0.8352332711219788/,0.030116811394691467/0.134649857878685/0.8352332711219788/,2.0,2/,0.0010089874267578125
0.2115783989429474/0.44177916646003723/0.3466424345970154/,0.2115783989429474/0.44177916646003723/0.3466424345970154/,0.0,1/,0.0005381107330322266
0.27688077092170715/0.23398421704769135/0.48913508653640747/,0.27688077092170715/0.23398421704769135/0.48913508653640747/,0.0,2/,0.0006515979766845703
0.4132809340953827/0.35094591975212097/0.23577304184436798/,0.4132809340953827/0.35094591975212097/0.23577304184436798/,0.0,0/,0.0007557868957519531
0.6047441363334656/0.17247289419174194/0.22278299927711487/,0.6047441363334656/0.17247289419174194/0.22278299927711487/,0.0,0/,0.0008461475372314453
0.9010485410690308/0.07624410837888718/0.022707272320985794/,0.9010485410690308/0.07624410837888718/0.022707272320985794/,0.0,0/,0.0017342567443847656
0.2677595615386963/0.3545042872428894/0.3777361512184143/,0.2677595615386963/0.3545042872428894/0.3777361512184143/,1.0,2/,0.0005040168762207031
0.08922838419675827/0.281668096780777/0.6291035413742065/,0.08922838419675827/0.281668096780777/0.6291035413742065/,1.0,2/,0.0005910396575927734
0.11036606132984161/0.16786816716194153/0.7217657566070557/,0.11036606132984161/0.16786816716194153/0.7217657566070557/,1.0,2/,0.0010018348693847656
0.1006007269024849/0.1329437494277954/0.7664555907249451/,0.1006007269024849/0.1329437494277954/0.7664555907249451/,1.0,2/,0.0007758140563964844
0.05732806399464607/0.5032983422279358/0.439373642206192/,0.05732806399464607/0.5032983422279358/0.439373642206192/,1.0,1/,0.0014259815216064453
0.2068610042333603/0.33516639471054077/0.45797255635261536/,0.2068610042333603/0.33516639471054077/0.45797255635261536/,2.0,2/,0.0004951953887939453
0.04568441957235336/0.193893700838089/0.7604219317436218/,0.04568441957235336/0.193893700838089/0.7604219317436218/,2.0,2/,0.0008540153503417969
0.05559840425848961/0.17254014313220978/0.7718614339828491/,0.05559840425848961/0.17254014313220978/0.7718614339828491/,2.0,2/,0.0006401538848876953
0.24780882894992828/0.22145716845989227/0.5307340025901794/,0.24780882894992828/0.22145716845989227/0.5307340025901794/,2.0,2/,0.0011138916015625
0.2866124212741852/0.4912309944629669/0.22215668857097626/,0.2866124212741852/0.4912309944629669/0.22215668857097626/,2.0,1/,0.0011320114135742188
0.3771573007106781/0.42016616463661194/0.20267656445503235/,0.3771573007106781/0.42016616463661194/0.20267656445503235/,0.0,1/,0.0005180835723876953
0.7063252925872803/0.12945275008678436/0.16422197222709656/,0.7063252925872803/0.12945275008678436/0.16422197222709656/,0.0,0/,0.0006461143493652344
0.8217405080795288/0.0931515172123909/0.0851079523563385/,0.8217405080795288/0.0931515172123909/0.0851079523563385/,0.0,0/,0.0007193088531494141
0.9342160224914551/0.05314607173204422/0.012637891806662083/,0.9342160224914551/0.05314607173204422/0.012637891806662083/,0.0,0/,0.0008528232574462891
0.941905677318573/0.05094647780060768/0.007147832773625851/,0.941905677318573/0.05094647780060768/0.007147832773625851/,0.0,0/,0.0010559558868408203
0.14182856678962708/0.25591808557510376/0.6022533178329468/,0.14182856678962708/0.25591808557510376/0.6022533178329468/,1.0,2/,0.0005667209625244141
0.12124252319335938/0.38092002272605896/0.49783745408058167/,0.12124252319335938/0.38092002272605896/0.49783745408058167/,1.0,2/,0.0006821155548095703
0.1973094791173935/0.30574938654899597/0.49694108963012695/,0.1973094791173935/0.30574938654899597/0.49694108963012695/,1.0,2/,0.0009801387786865234
0.5474684238433838/0.08495126664638519/0.3675803244113922/,0.5474684238433838/0.08495126664638519/0.3675803244113922/,1.0,0/,0.0009369850158691406
0.11843971908092499/0.5641646981239319/0.31739553809165955/,0.11843971908092499/0.5641646981239319/0.31739553809165955/,1.0,1/,0.001432180404663086
0.16317124664783478/0.38985881209373474/0.44697001576423645/,0.16317124664783478/0.38985881209373474/0.44697001576423645/,2.0,2/,0.0008413791656494141
0.35790377855300903/0.1999361217021942/0.4421601891517639/,0.35790377855300903/0.1999361217021942/0.4421601891517639/,2.0,2/,0.001112222671508789
0.2732480764389038/0.23201246559619904/0.49473944306373596/,0.2732480764389038/0.23201246559619904/0.49473944306373596/,2.0,2/,0.0009138584136962891
0.30780264735221863/0.12721671164035797/0.5649805665016174/,0.30780264735221863/0.12721671164035797/0.5649805665016174/,2.0,2/,0.000982046127319336
0.035328369587659836/0.3446837365627289/0.6199878454208374/,0.035328369587659836/0.3446837365627289/0.6199878454208374/,2.0,2/,0.001219034194946289
0.26636579632759094/0.39020517468452454/0.3434290587902069/,0.26636579632759094/0.39020517468452454/0.3434290587902069/,0.0,1/,0.0005321502685546875
0.5705592632293701/0.1636648327112198/0.2657758295536041/,0.5705592632293701/0.1636648327112198/0.2657758295536041/,0.0,0/,0.0006432533264160156
0.6206018328666687/0.22888892889022827/0.15050919353961945/,0.6206018328666687/0.22888892889022827/0.15050919353961945/,0.0,0/,0.000743865966796875
0.7828976511955261/0.14268365502357483/0.07441872358322144/,0.7828976511955261/0.14268365502357483/0.07441872358322144/,0.0,0/,0.0008342266082763672
0.794933021068573/0.11579680442810059/0.08927018940448761/,0.794933021068573/0.11579680442810059/0.08927018940448761/,0.0,0/,0.0010581016540527344
0.31621310114860535/0.3512703776359558/0.33251649141311646/,0.31621310114860535/0.3512703776359558/0.33251649141311646/,1.0,1/,0.0005860328674316406
0.8732860088348389/0.06998280435800552/0.05673117935657501/,0.8732860088348389/0.06998280435800552/0.05673117935657501/,1.0,0/,0.0005869865417480469
0.8081230521202087/0.09187521785497665/0.10000177472829819/,0.8081230521202087/0.09187521785497665/0.10000177472829819/,1.0,0/,0.0006260871887207031
0.7307933568954468/0.16477181017398834/0.10443481802940369/,0.7307933568954468/0.16477181017398834/0.10443481802940369/,1.0,0/,0.0006830692291259766
0.28651583194732666/0.6188326478004456/0.09465150535106659/,0.28651583194732666/0.6188326478004456/0.09465150535106659/,1.0,1/,0.0007708072662353516
0.018581243231892586/0.4780018925666809/0.5034168362617493/,0.018581243231892586/0.4780018925666809/0.5034168362617493/,2.0,2/,0.0005466938018798828
0.11411847174167633/0.45833903551101685/0.4275425374507904/,0.11411847174167633/0.45833903551101685/0.4275425374507904/,2.0,1/,0.0007598400115966797
0.4416874647140503/0.17955507338047028/0.37875741720199585/,0.4416874647140503/0.17955507338047028/0.37875741720199585/,2.0,0/,0.0008418560028076172
0.4213898479938507/0.22751988470554352/0.3510902225971222/,0.4213898479938507/0.22751988470554352/0.3510902225971222/,2.0,0/,0.0009150505065917969
0.11697854101657867/0.6120967864990234/0.2709246873855591/,0.11697854101657867/0.6120967864990234/0.2709246873855591/,2.0,1/,0.0010039806365966797
0.18557780981063843/0.4388371407985687/0.37558504939079285/,0.18557780981063843/0.4388371407985687/0.37558504939079285/,0.0,1/,0.0004169940948486328
0.24843740463256836/0.28668248653411865/0.464880108833313/,0.24843740463256836/0.28668248653411865/0.464880108833313/,0.0,2/,0.0005960464477539062
0.5091251134872437/0.10256180912256241/0.38831305503845215/,0.5091251134872437/0.10256180912256241/0.38831305503845215/,0.0,0/,0.0005841255187988281
0.31271520256996155/0.12634381651878357/0.5609409213066101/,0.31271520256996155/0.12634381651878357/0.5609409213066101/,0.0,2/,0.0007429122924804688
0.7753161191940308/0.14292770624160767/0.08175620436668396/,0.7753161191940308/0.14292770624160767/0.08175620436668396/,0.0,0/,0.0012521743774414062
0.27139928936958313/0.39190927147865295/0.33669140934944153/,0.27139928936958313/0.39190927147865295/0.33669140934944153/,1.0,1/,0.00055694580078125
0.3230964243412018/0.0875726193189621/0.5893309712409973/,0.3230964243412018/0.0875726193189621/0.5893309712409973/,1.0,2/,0.0006029605865478516
0.309080570936203/0.08974085748195648/0.6011785268783569/,0.309080570936203/0.08974085748195648/0.6011785268783569/,1.0,2/,0.000659942626953125
0.15219733119010925/0.11440645903348923/0.7333962321281433/,0.15219733119010925/0.11440645903348923/0.7333962321281433/,1.0,2/,0.0008447170257568359
0.050724513828754425/0.7232949137687683/0.22598059475421906/,0.050724513828754425/0.7232949137687683/0.22598059475421906/,1.0,1/,0.0010311603546142578
0.24250255525112152/0.43704429268836975/0.3204531669616699/,0.24250255525112152/0.43704429268836975/0.3204531669616699/,2.0,1/,0.0007660388946533203
0.19902892410755157/0.14673765003681183/0.654233455657959/,0.19902892410755157/0.14673765003681183/0.654233455657959/,2.0,2/,0.0006518363952636719
0.07413346320390701/0.019274434074759483/0.9065921306610107/,0.07413346320390701/0.019274434074759483/0.9065921306610107/,2.0,2/,0.0007200241088867188
0.03519640862941742/0.033479806035757065/0.931323766708374/,0.03519640862941742/0.033479806035757065/0.931323766708374/,2.0,2/,0.0008411407470703125
0.04834337532520294/0.20276765525341034/0.7488889694213867/,0.04834337532520294/0.20276765525341034/0.7488889694213867/,2.0,2/,0.000942230224609375
0.25252124667167664/0.31045249104499817/0.4370262026786804/,0.25252124667167664/0.31045249104499817/0.4370262026786804/,0.0,2/,0.0005147457122802734
0.7309786081314087/0.04949214681982994/0.21952924132347107/,0.7309786081314087/0.04949214681982994/0.21952924132347107/,0.0,0/,0.0005838871002197266
0.6577967405319214/0.06214781850576401/0.2800554633140564/,0.6577967405319214/0.06214781850576401/0.2800554633140564/,0.0,0/,0.0007190704345703125
0.6167251467704773/0.07644107937812805/0.3068337142467499/,0.6167251467704773/0.07644107937812805/0.3068337142467499/,0.0,0/,0.0011551380157470703
0.8611664772033691/0.10284423828125/0.035989321768283844/,0.8611664772033691/0.10284423828125/0.035989321768283844/,0.0,0/,0.001216888427734375
0.19879348576068878/0.19275449216365814/0.6084520816802979/,0.19879348576068878/0.19275449216365814/0.6084520816802979/,1.0,2/,0.0005161762237548828
0.3934319317340851/0.27357929944992065/0.3329887092113495/,0.3934319317340851/0.27357929944992065/0.3329887092113495/,1.0,0/,0.0006113052368164062
0.5642837285995483/0.07764814794063568/0.3580681383609772/,0.5642837285995483/0.07764814794063568/0.3580681383609772/,1.0,0/,0.0008938312530517578
0.7070226669311523/0.06100204959511757/0.23197531700134277/,0.7070226669311523/0.06100204959511757/0.23197531700134277/,1.0,0/,0.0008807182312011719
0.7292025089263916/0.2091488093137741/0.0616486631333828/,0.7292025089263916/0.2091488093137741/0.0616486631333828/,1.0,0/,0.0010869503021240234
0.16170814633369446/0.3077637553215027/0.5305281281471252/,0.16170814633369446/0.3077637553215027/0.5305281281471252/,2.0,2/,0.0005390644073486328
0.12514400482177734/0.17565341293811798/0.6992025971412659/,0.12514400482177734/0.17565341293811798/0.6992025971412659/,2.0,2/,0.0006101131439208984
0.41299983859062195/0.06638367474079132/0.5206164717674255/,0.41299983859062195/0.06638367474079132/0.5206164717674255/,2.0,2/,0.0008702278137207031
0.06454455107450485/0.10965563356876373/0.8257997632026672/,0.06454455107450485/0.10965563356876373/0.8257997632026672/,2.0,2/,0.000949859619140625
0.061759673058986664/0.4188312292098999/0.5194091200828552/,0.061759673058986664/0.4188312292098999/0.5194091200828552/,2.0,2/,0.0012791156768798828
0.12447536736726761/0.7619264721870422/0.11359810084104538/,0.12447536736726761/0.7619264721870422/0.11359810084104538/,0.0,1/,0.0005118846893310547
0.6774905323982239/0.15948355197906494/0.16302582621574402/,0.6774905323982239/0.15948355197906494/0.16302582621574402/,0.0,0/,0.0009949207305908203
0.5363946557044983/0.25804638862609863/0.2055589258670807/,0.5363946557044983/0.25804638862609863/0.2055589258670807/,0.0,0/,0.0007331371307373047
0.6916680335998535/0.15397635102272034/0.15435566008090973/,0.6916680335998535/0.15397635102272034/0.15435566008090973/,0.0,0/,0.0007827281951904297
0.8459357619285583/0.13484518229961395/0.019219066947698593/,0.8459357619285583/0.13484518229961395/0.019219066947698593/,0.0,0/,0.0008940696716308594
0.15993008017539978/0.514626145362854/0.3254437744617462/,0.15993008017539978/0.514626145362854/0.3254437744617462/,1.0,1/,0.0005602836608886719
0.2612977921962738/0.4899756908416748/0.24872653186321259/,0.2612977921962738/0.4899756908416748/0.24872653186321259/,1.0,1/,0.0006759166717529297
0.7007022500038147/0.11401926726102829/0.1852785050868988/,0.7007022500038147/0.11401926726102829/0.1852785050868988/,1.0,0/,0.0006821155548095703
0.14852257072925568/0.4610441029071808/0.39043334126472473/,0.14852257072925568/0.4610441029071808/0.39043334126472473/,1.0,1/,0.0007619857788085938
0.05798382684588432/0.5570458173751831/0.3849703073501587/,0.05798382684588432/0.5570458173751831/0.3849703073501587/,1.0,1/,0.0009129047393798828
0.08903129398822784/0.5349518060684204/0.3760169744491577/,0.08903129398822784/0.5349518060684204/0.3760169744491577/,2.0,1/,0.0005648136138916016
0.15753675997257233/0.6097823977470398/0.23268085718154907/,0.15753675997257233/0.6097823977470398/0.23268085718154907/,2.0,1/,0.0005979537963867188
0.5272917747497559/0.11347252130508423/0.3592357337474823/,0.5272917747497559/0.11347252130508423/0.3592357337474823/,2.0,0/,0.0006897449493408203
0.2743387222290039/0.2876630425453186/0.4379982054233551/,0.2743387222290039/0.2876630425453186/0.4379982054233551/,2.0,2/,0.0008020401000976562
0.07057330757379532/0.4499000608921051/0.47952669858932495/,0.07057330757379532/0.4499000608921051/0.47952669858932495/,2.0,2/,0.0009548664093017578
